3fga,3fga_diff,3fgm,3fgm_diff,3pt%,3pt%_diff,ast,ast_diff,blk,blk_diff,cnu_score,date,day,def,def_diff,fg%,fg%_diff,fga,fga_diff,fgm,fgm_diff,ft%,ft%_diff,fta,fta_diff,ftm,ftm_diff,home,month,off,off_diff,opp_3fga,opp_3fgm,opp_3pt%,opp_ast,opp_blk,opp_def,opp_fg%,opp_fga,opp_fgm,opp_ft%,opp_fta,opp_ftm,opp_off,opp_pf,opp_ppg avg,opp_pts,opp_rb avg,opp_score,opp_stl,opp_t/o,opp_tot,opponent,overtime,pf,pf_diff,ppg avg,pts,ranked,rb avg,season,stl,stl_diff,t/o,t/o_diff,tot,tot_diff,weekday,win,year
17,-1,7,1,0.412,0.0791,15,0,5,3,108,2010-11-19,19,31,0,0.461,-0.01514,76,-8,35,-5,0.689,-0.01123,45,25,31,17,1,11,17,-1,18,6,0.333,15,2,31,0.476,84,40,0.7,20,14,18,29,100.0,100,49.0,100,6,27,49,LYNCHBURG UNIVERSITY,1,20,-9,108.0,108,0,48.0,2010-2011,10,4,17,-10,48,-1,4,1,2010
12,-8,4,0,0.333,0.133,8,0,2,-2,69,2010-11-20,20,24,-8,0.441,0.04492,59,6,26,5,0.765,0.00537,17,-8,13,-6,1,11,6,-3,20,4,0.2,8,4,32,0.396,53,21,0.76,25,19,9,20,82.5,65,45.0,65,2,22,41,ST. JOHN FISHER,0,22,2,88.5,69,0,39.0,2010-2011,11,9,13,-9,30,-11,5,1,2010
6,-14,3,-2,0.5,0.25,2,-10,0,-4,57,2010-11-23,23,23,-2,0.462,0.01587,39,-26,18,-11,0.6,-0.0669,30,6,18,2,0,11,4,-14,20,5,0.25,12,4,25,0.446,65,29,0.667,24,16,18,22,81.3,79,44.3,79,7,10,43,VIRGINIA WESLEYAN UNIVERSITY,0,17,-5,78.0,57,1,35.0,2010-2011,2,-5,18,8,27,-16,1,0,2010
12,-7,5,-1,0.417,0.1011,10,-5,9,6,87,2010-11-26,26,33,13,0.51,0.0947,51,-14,26,-1,0.667,0.0762,45,23,30,17,1,11,14,4,19,6,0.316,15,3,20,0.415,65,27,0.591,22,13,10,32,79.2,73,40.8,73,8,13,30,BRIDGEWATER,0,22,-10,80.2,87,0,38.0,2010-2011,6,-2,19,6,47,17,4,1,2010
8,-12,5,1,0.625,0.425,10,4,4,0,83,2010-11-27,27,24,7,0.52,0.0891,50,-15,26,-2,0.743,0.01221,35,9,26,7,1,11,13,-5,20,4,0.2,6,4,17,0.431,65,28,0.731,26,19,18,28,79.2,79,39.6,79,11,15,35,WESLEY,0,24,-4,80.8,83,0,37.8,2010-2011,6,-5,19,4,37,2,5,1,2010
17,-9,5,-5,0.294,-0.09106,10,-11,0,-2,67,2010-12-01,1,20,-3,0.463,-0.04492,54,-5,25,-5,0.545,-0.1221,22,-2,12,-4,0,12,11,-4,26,10,0.385,21,2,23,0.508,59,30,0.667,24,16,15,19,80.3,86,39.3,86,11,20,38,ST. MARY'S (MD.),0,18,-1,78.5,67,1,36.7,2010-2011,2,-9,20,0,31,-7,2,0,2010
10,-17,3,-8,0.3,-0.10693,9,-5,3,-3,75,2010-12-13,13,29,2,0.429,0.03906,63,4,27,4,0.667,0.01123,27,-5,18,-3,0,12,14,1,27,11,0.407,14,6,27,0.39,59,23,0.656,32,21,13,19,80.0,78,39.4,78,7,13,40,MARY WASHINGTON,0,20,1,78.0,75,0,37.6,2010-2011,4,-3,16,3,43,3,0,0,2010
13,1,3,2,0.231,0.148,15,-3,2,-1,82,2010-12-17,17,27,-3,0.47,0.062,66,-5,31,2,0.63,-0.09033,27,2,17,-1,0,12,11,-7,12,1,0.083,18,3,30,0.408,71,29,0.72,25,18,18,21,79.6,77,40.5,77,10,19,48,LYNCHBURG UNIVERSITY,1,22,1,78.5,82,0,37.6,2010-2011,14,4,17,-2,38,-10,4,1,2010
18,0,7,-2,0.389,-0.1111,13,-8,2,-1,91,2010-12-19,19,17,-7,0.538,-0.02783,65,12,35,5,0.737,-0.1304,19,-11,14,-12,0,12,10,0,18,9,0.5,21,3,24,0.566,53,30,0.867,30,26,10,13,81.3,95,39.8,95,10,22,34,FROSTBURG STATE UNIVERSITY,0,22,9,79.9,91,0,36.4,2010-2011,15,5,16,-6,27,-7,6,0,2010
11,-2,4,-1,0.364,-0.021,11,1,2,-5,71,2010-12-29,29,27,5,0.393,0.083,56,-2,22,4,0.622,-0.1079,37,0,23,-4,1,12,20,3,13,5,0.385,10,7,22,0.31,58,18,0.73,37,27,17,28,80.0,68,39.7,68,13,15,39,FROSTBURG STATE UNIVERSITY,0,25,-3,79.0,71,0,37.5,2010-2011,7,-6,19,4,47,8,2,1,2010
13,-9,4,0,0.308,0.1261,16,12,3,0,79,2010-12-30,30,33,0,0.431,0.103,58,-9,25,3,0.61,-0.1489,41,12,25,3,1,12,12,-4,22,4,0.182,4,3,33,0.328,67,22,0.759,29,22,16,27,79.1,70,40.5,70,6,7,49,WESLEY,0,21,-6,79.0,79,0,38.2,2010-2011,2,-4,10,3,45,-4,3,1,2010
17,0,1,-4,0.059,-0.235,13,0,6,4,82,2011-01-05,5,28,-2,0.493,0.02588,71,11,35,7,0.611,-0.02539,18,-4,11,-3,1,1,11,4,17,5,0.294,13,2,30,0.467,60,28,0.636,22,14,7,19,78.8,75,40.2,75,2,9,37,SHENANDOAH UNIVERSITY,0,15,-4,79.2,82,0,38.2,2010-2011,5,3,4,-5,39,2,2,1,2011
15,-5,4,-3,0.267,-0.083,10,-5,3,-2,86,2011-01-12,12,32,6,0.466,-0.02686,73,4,34,0,0.778,0.1528,18,-6,14,-1,0,1,16,6,20,7,0.35,15,5,26,0.493,69,34,0.625,24,15,10,17,79.6,90,39.9,90,7,11,36,N.C. WESLEYAN,0,16,-1,79.8,86,0,39.0,2010-2011,6,-1,16,5,48,12,2,0,2011
11,-11,2,-4,0.182,-0.09094,8,-6,5,4,80,2011-01-15,15,31,11,0.442,0.0928,52,-11,23,1,0.842,0.2559,38,9,32,15,1,1,10,-7,22,6,0.273,14,1,20,0.349,63,22,0.586,29,17,17,26,78.7,67,39.7,67,11,17,37,FERRUM,0,19,-7,79.8,80,1,39.1,2010-2011,11,0,15,-2,41,4,5,1,2011
24,9,9,8,0.375,0.308,22,18,4,1,80,2011-01-18,18,37,14,0.433,0.2131,60,10,26,15,0.792,0.0879,24,-3,19,0,1,1,14,7,15,1,0.067,4,3,23,0.22,50,11,0.704,27,19,7,19,76.3,42,39.1,42,10,21,30,AVERETT,0,20,1,79.8,80,0,39.9,2010-2011,9,-1,17,-4,51,21,1,1,2011
18,4,7,5,0.389,0.246,13,-5,3,0,77,2011-01-22,22,26,5,0.518,0.05908,56,-5,29,1,0.667,0.125,18,-6,12,-1,0,1,10,-3,14,2,0.143,18,3,21,0.459,61,28,0.542,24,13,13,18,75.9,71,38.8,71,7,8,34,GREENSBORO COLLEGE,0,18,0,79.6,77,0,39.7,2010-2011,3,-4,14,6,36,2,5,1,2011
16,-5,5,-6,0.313,-0.2109,8,-4,4,0,77,2011-01-23,23,30,2,0.463,0.052,54,-2,25,2,0.595,-0.1128,37,13,22,5,0,1,8,0,21,11,0.524,12,4,28,0.411,56,23,0.708,24,17,8,25,75.8,74,38.6,74,6,16,36,METHODIST,0,19,-6,79.5,77,0,39.6,2010-2011,10,4,10,-6,38,2,6,1,2011
14,0,6,3,0.429,0.215,13,3,3,1,75,2011-01-27,27,38,21,0.464,0.1472,56,-7,26,6,0.773,0.323,22,2,17,8,0,1,15,1,14,3,0.214,10,2,17,0.317,63,20,0.45,20,9,14,18,74.5,52,38.2,52,5,13,31,SHENANDOAH UNIVERSITY,0,18,0,79.2,75,0,40.3,2010-2011,6,1,20,7,53,22,3,1,2011
12,-9,2,-7,0.167,-0.262,8,-10,5,3,49,2011-02-01,1,26,1,0.38,-0.01709,50,-8,19,-4,0.692,0.0249,13,-5,9,-3,1,2,8,-4,21,9,0.429,18,2,25,0.397,58,23,0.667,18,12,12,16,74.1,67,38.1,67,7,11,37,RANDOLPH-MACON,0,18,2,77.6,49,1,40.0,2010-2011,4,-3,17,6,34,-3,1,0,2011
14,-5,2,-1,0.143,-0.015015,12,-1,7,4,68,2011-02-05,5,32,6,0.409,0.01782,66,-3,27,0,0.8,0.07764,15,-3,12,-1,1,2,15,1,19,3,0.158,13,3,26,0.391,69,27,0.722,18,13,14,15,73.9,70,38.2,70,9,15,40,N.C. WESLEYAN,0,20,5,77.2,68,0,40.3,2010-2011,8,-1,19,4,47,7,5,0,2011
17,-8,5,-2,0.294,0.013916,16,3,5,-2,86,2011-02-06,6,35,2,0.413,0.03613,80,3,33,4,0.714,-0.05127,21,4,15,2,1,2,16,1,25,7,0.28,13,7,33,0.377,77,29,0.765,17,13,15,19,74.1,78,38.7,78,5,12,48,ROANOKE,0,18,-1,77.6,86,0,40.9,2010-2011,5,0,10,-2,51,3,6,1,2011
21,6,8,3,0.381,0.0481,15,10,0,-2,77,2011-02-12,12,22,0,0.471,0.10693,51,-4,24,4,0.677,0.1138,31,-1,21,3,0,2,11,-8,15,5,0.333,5,2,22,0.364,55,20,0.563,32,18,19,25,73.6,63,38.8,63,5,17,41,AVERETT,0,26,1,77.5,77,0,40.5,2010-2011,12,7,13,-4,33,-8,5,1,2011
21,10,7,3,0.333,-0.031,18,0,1,-9,83,2011-02-13,13,29,0,0.425,-0.05884,73,11,31,1,0.583,-0.2329,24,-14,14,-17,0,2,18,9,11,4,0.364,18,10,29,0.484,62,30,0.816,38,31,9,22,74.5,95,38.7,95,8,9,38,FERRUM,1,26,4,77.8,83,1,40.8,2010-2011,2,-6,15,6,47,9,6,0,2011
14,0,7,6,0.5,0.429,15,8,10,5,87,2011-02-18,18,35,11,0.421,0.07495,57,-24,24,-4,0.842,0.0918,38,18,32,17,1,2,11,-11,14,1,0.071,7,5,24,0.346,81,28,0.75,20,15,22,25,74.4,72,39.0,72,9,13,46,METHODIST,0,19,-6,78.2,87,0,41.0,2010-2011,4,-5,14,1,46,0,4,1,2011
10,-6,1,-2,0.1,-0.088,6,-1,1,-3,55,2011-02-19,19,25,-2,0.314,-0.115,51,2,16,-5,0.846,0.3462,26,12,22,15,1,2,10,4,16,3,0.188,7,4,27,0.429,49,21,0.5,14,7,6,20,73.5,52,38.8,52,5,17,33,GREENSBORO COLLEGE,0,14,-6,77.2,55,0,40.8,2010-2011,6,1,11,-6,35,2,5,1,2011
15,-11,4,-7,0.267,-0.156,18,3,2,1,84,2011-02-22,22,39,15,0.462,0.114,65,-4,30,6,0.8,0.2168,25,13,20,13,1,2,15,5,26,11,0.423,15,1,24,0.348,69,24,0.583,12,7,10,20,73.2,66,38.6,66,4,12,34,SHENANDOAH UNIVERSITY,0,14,-6,77.5,84,0,41.3,2010-2011,5,1,13,1,54,20,1,1,2011
20,7,7,0,0.35,-0.188,11,-6,2,0,81,2011-02-25,25,25,3,0.46,-0.04785,63,2,29,-2,0.727,-0.02295,22,-2,16,-2,0,2,16,8,13,7,0.538,17,2,22,0.508,61,31,0.75,24,18,8,21,73.7,87,38.3,87,11,12,30,FERRUM,0,18,-3,77.6,81,0,41.3,2010-2011,4,-7,18,6,41,11,4,0,2011
14,-3,8,3,0.571,0.2769,10,-12,2,0,88,2011-11-15,15,30,5,0.459,-0.03394,61,-6,28,-5,0.686,0.04102,35,4,24,4,0,11,14,5,17,5,0.294,22,2,25,0.493,67,33,0.645,31,20,9,30,91.0,91,34.0,90,6,17,34,RANDOLPH-MACON,0,23,-7,88.0,88,0,44.0,2011-2012,11,5,19,2,44,10,1,0,2011
18,-8,3,-6,0.167,-0.179,5,-5,3,1,74,2011-11-18,18,38,11,0.446,0.103,56,-14,25,1,0.583,0.114,36,4,21,6,0,11,13,-2,26,9,0.346,10,2,27,0.343,70,24,0.469,32,15,15,28,81.5,72,38.0,72,9,18,42,MARY WASHINGTON,1,27,-1,81.0,74,0,47.5,2011-2012,6,-3,27,9,51,9,4,1,2011
10,1,2,2,0.2,0.2,6,-1,2,-3,65,2011-11-19,19,26,0,0.389,0.01685,54,11,21,5,0.75,0.2388,28,-19,21,-3,1,11,13,-1,9,0,0.0,7,5,26,0.372,43,16,0.511,47,24,14,22,73.0,56,38.7,56,4,16,40,YORK (N.Y.),0,29,7,75.7,65,0,44.7,2011-2012,2,-2,12,-4,39,-1,5,1,2011
20,-4,7,-2,0.35,-0.0249,18,2,3,-3,82,2011-11-21,21,26,2,0.471,0.0249,70,5,33,4,0.643,-0.06104,14,-13,9,-10,1,11,16,4,24,9,0.375,16,6,24,0.446,65,29,0.704,27,19,12,18,76.2,86,38.0,86,12,16,36,MARY WASHINGTON,0,21,3,77.2,82,0,44.0,2011-2012,6,-6,22,6,42,6,0,0,2011
16,-7,6,1,0.375,0.158,16,6,2,0,89,2011-11-25,25,30,4,0.433,0.072,60,-1,26,4,0.775,0.0698,40,-4,31,0,1,11,14,-1,23,5,0.217,10,2,26,0.361,61,22,0.705,44,31,15,31,77.0,80,38.6,80,6,14,41,WESLEY,0,28,-3,79.6,89,0,44.0,2011-2012,6,0,12,-2,44,3,4,1,2011
15,-1,7,1,0.467,0.09204,18,8,6,0,76,2011-11-27,27,30,0,0.4,0.03784,70,12,28,7,0.684,-0.03613,19,-6,13,-5,1,11,16,5,16,6,0.375,10,6,30,0.362,58,21,0.72,25,18,11,15,75.2,66,39.0,66,5,16,41,WASHINGTON AND LEE UNIVERSITY,0,18,3,79.0,76,0,44.3,2011-2012,10,5,12,-4,46,5,6,1,2011
10,-7,1,-6,0.1,-0.312,8,-7,5,2,77,2011-12-01,1,17,0,0.536,0.04517,56,-1,30,2,0.64,-0.1748,25,-2,16,-6,1,12,14,0,17,7,0.412,15,3,17,0.491,57,28,0.815,27,22,14,22,76.6,85,37.9,85,6,18,31,ST. MARY'S (MD.),0,21,-1,78.7,77,0,42.4,2011-2012,10,4,18,0,31,0,3,0,2011
20,-16,10,-4,0.5,0.1111,18,2,2,-7,94,2011-12-16,16,37,6,0.443,0.114,79,9,35,12,0.778,0.19,18,1,14,4,0,12,13,-3,36,14,0.389,16,9,31,0.329,70,23,0.588,17,10,16,16,75.8,70,39.0,70,4,20,47,PIEDMONT COLLEGE,0,17,1,80.6,94,0,43.4,2011-2012,9,5,9,-11,50,3,4,1,2011
7,-16,3,-4,0.429,0.125,8,-7,4,0,97,2011-12-18,18,24,3,0.493,0.03394,71,10,35,7,0.706,0.1001,34,1,24,4,0,12,22,6,23,7,0.304,15,4,21,0.459,61,28,0.606,33,20,16,22,76.6,83,38.8,83,8,21,37,LAGRANGE COLLEGE,0,27,5,82.4,97,0,43.7,2011-2012,13,5,14,-7,46,9,6,1,2011
22,1,9,5,0.409,0.219,20,8,4,0,95,2011-12-29,29,34,5,0.438,0.074,73,7,32,8,0.733,0.1831,30,10,22,11,1,12,16,3,21,4,0.19,12,4,29,0.364,66,24,0.55,20,11,13,22,75.2,63,39.1,63,4,19,42,PIEDMONT COLLEGE,0,18,-4,83.7,95,0,44.3,2011-2012,10,6,10,-9,50,8,3,1,2011
12,-8,4,0,0.333,0.133,11,4,5,1,64,2011-12-30,30,30,6,0.412,0.1621,51,-1,21,8,0.581,-0.05908,31,6,18,2,1,12,10,-5,20,4,0.2,7,4,24,0.25,52,13,0.64,25,16,15,20,72.5,46,39.1,46,4,19,39,MCDANIEL,0,17,-3,81.9,64,0,43.9,2011-2012,10,6,13,-6,40,1,4,1,2011
24,5,5,0,0.208,-0.05493,12,5,5,-5,80,2012-01-04,4,30,0,0.405,0.052,74,6,30,6,0.714,0.04688,21,-12,15,-7,0,1,19,-2,19,5,0.263,7,10,30,0.353,68,24,0.667,33,22,21,22,72.8,75,40.1,75,7,17,51,METHODIST,0,18,-4,81.8,80,0,44.3,2011-2012,9,2,15,-2,49,-2,2,1,2012
20,8,7,6,0.35,0.267,15,5,1,-2,84,2012-01-07,7,29,4,0.469,0.105,64,9,30,10,0.567,-0.010254,30,4,17,2,0,1,17,6,12,1,0.083,10,3,25,0.364,55,20,0.577,26,15,11,21,71.5,56,39.8,56,9,18,36,N.C. WESLEYAN,0,23,2,81.9,84,0,44.5,2011-2012,9,0,15,-3,46,10,5,1,2012
20,8,3,2,0.15,0.067,10,4,3,2,77,2012-01-11,11,30,3,0.338,-0.0691,68,9,23,-1,0.848,0.148,33,3,28,7,1,1,21,11,12,1,0.083,6,1,27,0.407,59,24,0.7,30,21,10,25,71.4,70,39.6,70,10,14,37,METHODIST,0,24,-1,81.6,77,0,44.9,2011-2012,10,0,16,2,51,14,2,1,2012
17,5,10,7,0.588,0.338,18,11,10,4,107,2012-01-14,14,32,17,0.609,0.2319,64,-13,39,10,0.76,-0.02344,25,2,19,1,1,1,12,-6,12,3,0.25,7,6,15,0.377,77,29,0.783,23,18,18,22,71.9,79,39.1,79,12,15,33,FERRUM,0,17,-5,83.3,107,0,44.9,2011-2012,6,-6,20,5,44,11,5,1,2012
16,-6,6,0,0.375,0.10205,13,5,3,1,77,2012-01-18,18,34,11,0.413,0.000977,63,12,26,5,0.633,0.04492,30,13,19,9,1,1,20,17,22,6,0.273,8,2,23,0.412,51,21,0.588,17,10,3,24,71.0,58,38.3,58,4,14,26,SHENANDOAH UNIVERSITY,0,19,-5,82.9,77,0,45.4,2011-2012,8,4,13,-1,54,28,2,1,2012
14,-12,5,1,0.357,0.2029,12,-2,6,4,91,2012-01-21,21,37,15,0.493,0.147,67,-11,33,6,0.645,-0.0879,31,16,20,9,0,1,18,2,26,4,0.154,14,2,22,0.346,78,27,0.733,15,11,16,22,70.9,69,38.3,69,7,12,38,GREENSBORO COLLEGE,0,17,-5,83.4,91,0,46.0,2011-2012,5,-2,16,4,55,17,5,1,2012
12,-7,3,-4,0.25,-0.1179,8,-4,4,3,81,2012-01-23,23,24,6,0.519,0.10205,52,-8,27,2,0.774,-0.02588,31,21,24,16,1,1,11,-2,19,7,0.368,12,1,18,0.417,60,25,0.8,10,8,13,19,70.6,65,37.9,65,7,20,31,SALISBURY,0,15,-4,83.2,81,0,45.4,2011-2012,16,9,16,-4,35,4,0,1,2012
33,11,12,4,0.364,0.0,21,9,2,-1,91,2012-01-25,25,28,7,0.479,0.1399,73,14,35,15,0.692,-0.165,13,-15,9,-15,0,1,19,6,22,8,0.364,12,3,21,0.339,59,20,0.857,28,24,13,16,70.6,72,37.7,72,5,15,34,AVERETT,0,24,8,83.6,91,0,45.5,2011-2012,9,4,14,-1,47,13,2,1,2012
13,-6,1,-7,0.077,-0.3438,7,-13,7,4,74,2012-01-28,28,29,2,0.443,-0.02783,61,-9,27,-6,0.704,-0.1289,27,9,19,4,1,1,11,2,19,8,0.421,20,3,27,0.471,70,33,0.833,18,15,9,19,71.6,89,37.6,89,9,9,36,VIRGINIA WESLEYAN UNIVERSITY,0,13,-6,83.2,74,1,45.2,2011-2012,5,-4,16,7,40,4,5,0,2012
19,7,5,0,0.263,-0.154,14,-2,11,7,73,2012-01-31,31,24,-5,0.433,0.04517,60,-7,26,0,0.762,0.062,21,1,16,2,1,1,10,-10,12,5,0.417,16,4,29,0.388,67,26,0.7,20,14,20,19,71.5,71,38.1,71,8,16,49,N.C. WESLEYAN,0,16,-3,82.7,73,0,44.7,2011-2012,7,-1,11,-5,34,-15,1,1,2012
13,0,5,0,0.385,0.0,15,1,3,0,85,2012-02-05,5,20,2,0.525,0.03296,61,-2,32,1,0.615,-0.03174,26,9,16,5,0,2,17,4,13,5,0.385,14,3,18,0.492,63,31,0.647,17,11,13,23,71.8,78,37.8,78,5,12,31,FERRUM,0,19,-4,82.8,85,0,44.3,2011-2012,5,0,14,2,37,6,6,1,2012
29,8,17,9,0.586,0.2048,21,5,5,1,106,2012-02-11,11,21,6,0.557,0.09717,61,-2,34,5,0.778,0.187,27,5,21,8,1,2,15,-2,21,8,0.381,16,4,15,0.46,63,29,0.591,22,13,17,20,72.1,79,37.6,79,7,17,32,GREENSBORO COLLEGE,0,18,-2,83.8,106,0,44.0,2011-2012,8,1,14,-3,36,4,5,1,2012
26,11,7,5,0.269,0.136,13,7,3,1,69,2012-02-15,15,29,0,0.373,-0.03784,59,3,22,-1,0.514,-0.08594,35,15,18,6,0,2,16,7,15,2,0.133,6,2,29,0.411,56,23,0.6,20,12,9,24,71.6,60,37.6,60,5,18,38,SHENANDOAH UNIVERSITY,0,18,-6,83.2,69,0,44.0,2011-2012,5,0,15,-3,45,7,2,1,2012
28,5,12,1,0.429,-0.04907,17,-3,7,4,99,2012-02-18,18,26,0,0.492,0.063,65,-12,32,-1,0.697,0.02979,33,6,23,5,1,2,11,-12,23,11,0.478,20,3,26,0.429,77,33,0.667,27,18,23,28,72.6,95,38.0,95,7,15,49,AVERETT,0,23,-5,83.8,99,0,43.7,2011-2012,5,-2,16,1,37,-12,5,1,2012
29,5,17,11,0.586,0.336,20,13,10,7,97,2012-02-24,24,33,10,0.53,0.2107,66,-6,35,12,0.909,0.1401,11,-2,10,0,1,2,9,-9,24,6,0.25,7,3,23,0.319,72,23,0.769,13,10,18,13,72.2,62,38.2,62,5,13,41,METHODIST,0,15,2,84.3,97,0,43.7,2011-2012,7,2,8,-5,42,1,4,1,2012
13,-17,3,-7,0.231,-0.10205,16,2,4,4,82,2012-02-26,26,25,5,0.625,0.169,48,-9,30,4,0.633,-0.2002,30,18,19,9,1,2,4,-3,30,10,0.333,14,0,20,0.456,57,26,0.833,12,10,7,26,72.1,72,37.7,72,12,22,27,GREENSBORO COLLEGE,0,14,-12,84.2,82,0,43.1,2011-2012,5,-7,19,-3,29,2,6,1,2012
13,-16,5,-4,0.385,0.07495,14,7,6,2,84,2012-03-02,2,28,-1,0.492,0.0669,65,-8,32,1,0.682,-0.2378,22,-3,15,-8,1,3,9,-6,29,9,0.31,7,4,29,0.425,73,31,0.92,25,23,15,16,72.9,94,38.0,94,6,13,44,WESTERN CONNECTICUT,0,24,8,84.2,84,0,42.9,2011-2012,6,0,13,0,37,-7,4,0,2012
21,-7,5,1,0.238,0.0951,10,-7,5,0,77,2012-11-15,15,35,3,0.412,0.03906,68,-7,28,0,0.571,0.0708,28,8,16,6,1,11,16,0,28,4,0.143,17,5,32,0.373,75,28,0.5,20,10,16,23,70.0,70,48.0,70,7,11,48,RANDOLPH-MACON,0,15,-8,77.0,77,0,51.0,2012-2013,7,0,15,4,51,3,3,1,2012
22,-1,9,5,0.409,0.235,12,6,4,3,77,2012-11-20,20,24,2,0.483,0.156,60,5,29,11,0.625,-0.1421,16,-14,10,-13,0,11,11,-3,23,4,0.174,6,1,22,0.327,55,18,0.767,30,23,14,15,66.5,63,42.0,63,6,16,36,SALISBURY,0,22,7,77.0,77,0,43.0,2012-2013,7,1,14,-2,35,-1,1,1,2012
29,3,4,-4,0.138,-0.1702,13,-2,5,4,81,2012-11-24,24,40,0,0.368,0.0598,68,-10,25,1,0.692,0.0869,39,1,27,4,1,11,9,-11,26,8,0.308,15,1,40,0.308,78,24,0.605,38,23,20,28,70.7,79,48.0,79,14,31,60,WESLEY,1,28,0,78.3,81,0,45.0,2012-2013,9,-5,29,-2,49,-11,5,1,2012
13,-15,7,-5,0.538,0.10913,13,-2,3,-1,85,2012-11-25,25,22,2,0.492,0.0,59,-2,29,-1,0.87,0.01318,23,9,20,8,1,11,13,3,28,12,0.429,15,4,20,0.492,61,30,0.857,14,12,10,19,74.0,84,43.5,84,6,15,30,JOHN CARROLL,0,12,-7,80.0,85,0,42.5,2012-2013,6,0,13,-2,35,5,6,1,2012
15,-4,3,-2,0.2,-0.063,4,-5,4,-2,79,2012-12-01,1,27,4,0.483,0.1599,58,-4,28,8,0.833,-0.01709,24,4,20,3,0,12,9,-7,19,5,0.263,9,6,23,0.323,62,20,0.85,20,17,16,16,71.6,62,42.6,62,3,11,39,MARYVILLE COLLEGE,0,19,3,79.8,79,0,41.2,2012-2013,7,4,7,-4,36,-3,5,1,2012
23,11,9,2,0.391,-0.1919,13,1,2,-3,60,2012-12-05,5,18,-2,0.362,-0.1501,58,15,21,-1,0.75,0.167,12,-12,9,-5,0,12,19,10,12,7,0.583,12,5,20,0.512,43,22,0.583,24,14,9,13,70.5,65,40.3,65,5,17,29,ST. MARY'S (MD.),0,16,3,76.5,60,0,40.5,2012-2013,6,1,17,0,37,8,2,0,2012
15,-1,4,1,0.267,0.0791,11,6,5,3,66,2012-12-17,17,37,15,0.418,0.144,55,-7,23,6,0.615,0.1411,26,7,16,7,1,12,15,0,16,3,0.188,5,2,22,0.274,62,17,0.474,19,9,15,21,67.0,46,39.9,46,7,18,37,EASTERN MENNONITE,0,20,-1,75.0,66,0,42.1,2012-2013,11,4,21,3,52,15,0,1,2012
15,-8,6,1,0.4,0.1829,7,0,2,-3,65,2012-12-28,28,29,0,0.411,0.084,56,1,23,5,0.542,-0.125,24,6,13,1,1,12,9,0,23,5,0.217,7,5,29,0.327,55,18,0.667,18,12,9,19,65.2,53,39.6,53,2,16,38,HEIDELBERG,0,13,-6,73.8,65,0,41.6,2012-2013,8,6,11,-5,38,0,4,1,2012
23,3,11,3,0.478,0.0781,10,7,4,1,97,2012-12-29,29,28,9,0.5,0.127,64,5,32,10,0.759,0.1299,29,-6,22,0,1,12,15,-1,20,8,0.4,3,3,19,0.373,59,22,0.629,35,22,16,22,66.2,74,39.1,74,11,19,35,BRIDGEWATER,0,24,2,76.3,97,0,41.8,2012-2013,11,0,16,-3,43,8,5,1,2012
12,-16,1,-5,0.083,-0.131,15,7,5,0,76,2013-01-02,2,26,6,0.469,0.1299,64,2,30,9,0.75,0.1621,20,3,15,5,1,1,17,-1,28,6,0.214,8,5,20,0.339,62,21,0.588,17,10,18,15,65.4,58,39.0,58,4,18,38,FERRUM,0,15,0,76.3,76,0,41.9,2012-2013,10,6,11,-7,43,5,2,1,2013
15,3,4,2,0.267,0.1001,13,6,4,0,68,2013-01-05,5,33,14,0.448,0.198,58,2,26,12,0.706,0.03906,17,-10,12,-6,0,1,12,-1,12,2,0.167,7,4,19,0.25,56,14,0.667,27,18,13,15,63.8,48,38.4,48,7,15,32,METHODIST,0,15,0,75.5,68,0,42.2,2012-2013,8,1,14,-1,45,13,5,1,2013
22,-4,13,5,0.591,0.2827,14,5,3,1,90,2013-01-06,6,29,8,0.6,0.261,60,-2,36,15,0.385,-0.24,13,-3,5,-5,0,1,7,-7,26,8,0.308,9,2,21,0.339,62,21,0.625,16,10,14,13,63.5,60,38.1,60,3,12,35,GREENSBORO COLLEGE,0,17,4,76.8,90,0,41.7,2012-2013,8,5,10,-2,36,1,6,1,2013
23,-4,7,-7,0.304,-0.2151,14,1,1,1,109,2013-01-09,9,27,-6,0.488,-0.05103,80,4,39,-2,0.667,0.05176,36,10,24,8,0,1,15,0,27,14,0.519,13,0,33,0.539,76,41,0.615,26,16,15,26,67.2,112,38.8,112,7,16,48,N.C. WESLEYAN,1,23,-3,79.2,109,0,41.7,2012-2013,7,0,13,-3,42,-6,2,0,2013
28,15,8,3,0.286,-0.0991,17,9,3,-4,86,2013-01-12,12,27,-1,0.458,0.05103,72,18,33,11,0.571,-0.2734,21,-11,12,-15,1,1,17,8,13,5,0.385,8,7,28,0.407,54,22,0.844,32,27,9,19,67.9,76,38.7,76,7,21,37,LAGRANGE COLLEGE,0,24,5,79.7,86,0,41.9,2012-2013,12,5,17,-4,44,7,5,1,2013
17,-9,2,-9,0.118,-0.3052,13,-2,1,-3,79,2013-01-19,19,36,7,0.415,0.09106,65,-3,27,5,0.697,-0.1924,33,15,23,7,1,1,16,5,26,11,0.423,15,4,29,0.324,68,22,0.889,18,16,11,19,68.1,71,38.8,71,5,9,40,MARYVILLE COLLEGE,0,17,-2,79.7,79,0,42.5,2012-2013,4,-1,11,2,52,12,5,1,2013
28,9,12,6,0.429,0.11304,16,12,6,-1,76,2013-01-23,23,34,7,0.431,0.167,65,-7,28,9,0.8,0.229,10,-4,8,0,1,1,11,-12,19,6,0.316,4,7,27,0.264,72,19,0.571,14,8,23,11,67.1,52,39.5,52,8,15,50,AVERETT,0,13,2,79.4,76,0,42.7,2012-2013,7,-1,14,-1,45,-5,2,1,2013
20,5,6,2,0.3,0.03296,16,8,3,-3,78,2013-01-26,26,32,13,0.491,0.1409,57,-3,28,7,0.667,-0.0659,24,9,16,5,1,1,15,7,15,4,0.267,8,6,19,0.35,60,21,0.733,15,11,8,19,66.5,57,38.8,57,12,11,27,METHODIST,0,13,-6,79.4,78,0,42.9,2012-2013,7,-5,14,3,47,20,5,1,2013
19,-6,3,-8,0.158,-0.282,8,-7,2,-1,69,2013-02-02,2,32,7,0.381,-0.062,63,2,24,-3,0.6,0.01709,30,18,18,11,1,2,19,13,25,11,0.44,15,3,25,0.443,61,27,0.583,12,7,6,24,66.8,72,38.3,72,8,13,31,GREENSBORO COLLEGE,0,17,-7,78.8,69,0,43.4,2012-2013,3,-5,18,5,51,20,5,0,2013
11,-12,3,-9,0.273,-0.249,6,-9,3,-4,66,2013-02-04,4,28,-5,0.375,-0.08496,64,1,24,-5,0.682,0.08203,22,7,15,6,1,2,12,2,23,12,0.522,15,7,33,0.46,63,29,0.6,15,9,10,22,67.4,79,38.6,79,1,9,43,VIRGINIA WESLEYAN UNIVERSITY,0,11,-11,78.1,66,0,43.2,2012-2013,3,2,4,-5,40,-3,0,0,2013
26,6,5,-2,0.192,-0.1581,11,-8,5,0,68,2013-02-09,9,24,-5,0.448,0.004883,67,6,30,3,0.75,0.288,4,-22,3,-9,0,2,9,-9,20,7,0.35,19,5,29,0.443,61,27,0.462,26,12,18,11,67.7,73,39.0,73,6,14,47,LAGRANGE COLLEGE,0,23,12,77.6,68,0,42.7,2012-2013,5,-1,11,-3,33,-14,5,0,2013
24,8,8,3,0.333,0.02002,19,10,4,-1,93,2013-02-13,13,25,-1,0.456,0.09717,68,4,31,8,0.719,-0.08057,32,12,23,7,1,2,15,-2,16,5,0.313,9,5,26,0.359,64,23,0.8,20,16,17,23,67.7,67,39.2,67,5,21,43,N.C. WESLEYAN,0,17,-6,78.3,93,0,42.6,2012-2013,14,9,9,-12,40,-3,2,1,2013
19,3,8,4,0.421,0.1709,15,8,1,1,77,2013-02-16,16,31,14,0.566,0.221,53,-2,30,11,0.643,-0.1348,14,-4,9,-5,0,2,9,1,16,4,0.25,7,0,17,0.345,55,19,0.778,18,14,8,12,67.1,56,38.5,56,3,7,25,AVERETT,0,18,6,78.3,77,0,42.5,2012-2013,4,1,10,3,40,15,5,1,2013
12,-3,4,0,0.333,0.0659,12,7,3,1,76,2013-02-17,17,27,9,0.538,0.198,52,-1,28,10,0.8,0.1328,20,2,16,4,0,2,8,-3,15,4,0.267,5,2,18,0.34,53,18,0.667,18,12,11,14,66.5,52,38.1,52,5,13,29,FERRUM,0,17,3,78.2,76,0,42.1,2012-2013,3,-2,11,-2,35,6,6,1,2013
22,4,6,3,0.273,0.10596,21,12,4,2,74,2013-02-21,21,32,8,0.492,0.175,59,-1,29,10,0.588,-0.0923,17,-8,10,-7,1,2,10,-3,18,3,0.167,9,2,24,0.317,60,19,0.68,25,17,13,16,66.1,58,38.1,58,8,15,37,AVERETT,0,20,4,78.0,74,0,42.1,2012-2013,6,-2,14,-1,42,5,3,1,2013
20,4,5,4,0.25,0.187,9,2,5,0,72,2013-02-22,22,30,6,0.417,0.0791,60,-8,25,2,0.586,-0.01416,29,9,17,5,1,2,16,-2,16,1,0.063,7,5,24,0.338,68,23,0.6,20,12,18,19,65.8,59,38.2,59,5,10,42,N.C. WESLEYAN,0,18,-1,77.8,72,0,42.3,2012-2013,6,1,11,1,46,4,4,1,2013
21,-4,8,-1,0.381,0.021,11,2,3,0,81,2013-02-23,23,29,10,0.482,0.08496,56,-7,27,2,0.826,0.0762,23,3,19,4,1,2,11,0,25,9,0.36,9,3,19,0.397,63,25,0.75,20,15,11,18,66.2,74,37.9,74,7,11,30,GREENSBORO COLLEGE,0,19,1,77.9,81,0,42.2,2012-2013,4,-3,16,5,40,10,5,1,2013
18,4,7,2,0.389,0.03198,14,7,4,-1,84,2013-03-02,2,32,4,0.448,0.04492,58,-9,26,-1,0.714,0.12305,35,13,25,12,1,3,10,-3,14,5,0.357,7,5,28,0.403,67,27,0.591,22,13,13,20,66.4,72,38.0,72,6,11,41,RUTGERS-NEWARK,0,17,-3,78.1,84,0,42.2,2012-2013,6,0,9,-2,42,1,5,1,2013
14,2,2,-3,0.143,-0.274,13,0,2,-3,69,2013-03-09,9,22,-4,0.458,-0.01611,59,2,27,0,0.65,-0.1001,20,-8,13,-8,0,3,10,-2,12,5,0.417,13,5,26,0.474,57,27,0.75,28,21,12,18,66.9,80,38.0,80,3,10,38,VIRGINIA WESLEYAN UNIVERSITY,0,20,2,77.8,69,0,41.8,2012-2013,6,3,10,0,32,-6,5,0,2013
20,1,6,2,0.3,0.089,8,-2,5,2,79,2013-11-16,16,30,3,0.422,0.0,64,0,27,0,0.655,0.084,29,15,19,11,1,11,16,6,19,4,0.211,10,3,27,0.422,64,27,0.571,14,8,10,22,66.0,66,37.0,66,9,15,37,ARCADIA,0,16,-6,79.0,79,0,46.0,2013-2014,11,2,17,2,46,9,5,1,2013
22,-3,12,3,0.545,0.1848,14,-2,3,0,84,2013-11-19,19,20,-5,0.519,0.073,54,-11,28,-1,0.667,-0.06006,24,2,16,0,0,11,8,-11,25,9,0.36,16,3,25,0.446,65,29,0.727,22,16,19,18,74.5,83,40.5,83,6,7,44,RANDOLPH-MACON,0,18,0,81.5,84,0,37.0,2013-2014,2,-4,8,1,28,-16,1,1,2013
18,-1,5,-1,0.278,-0.03784,13,0,6,5,89,2013-11-23,23,32,12,0.533,0.11914,60,-10,32,3,0.769,0.00928,26,1,20,1,1,11,11,-1,19,6,0.316,13,1,20,0.414,70,29,0.76,25,19,12,21,77.3,83,37.7,83,9,8,32,YORK (N.Y.),0,21,0,84.0,89,0,39.0,2013-2014,4,-5,14,6,43,11,5,1,2013
20,-2,9,-1,0.45,-0.005127,13,-2,1,0,90,2013-11-24,24,27,0,0.476,-0.02393,63,1,30,-1,0.5,-0.4521,42,21,21,1,1,11,18,14,22,10,0.455,15,1,27,0.5,62,31,0.952,21,20,4,25,81.0,92,36.0,92,6,10,31,EMORY,0,16,-9,85.5,90,0,40.5,2013-2014,6,0,12,2,45,14,6,0,2013
13,3,6,4,0.462,0.262,7,0,3,0,68,2013-12-01,1,25,4,0.439,0.04297,57,4,25,4,0.706,0.02393,17,-5,12,-3,0,12,13,4,10,2,0.2,7,3,21,0.396,53,21,0.682,22,15,9,14,76.6,59,34.8,59,4,8,30,EASTERN MENNONITE,0,17,3,82.0,68,0,40.0,2013-2014,1,-3,10,2,38,8,6,1,2013
32,13,12,6,0.375,0.05908,16,1,3,3,80,2013-12-04,4,29,8,0.483,0.1309,60,6,29,10,0.714,0.04688,14,-1,10,0,0,12,13,6,19,6,0.316,15,0,21,0.352,54,19,0.667,15,10,7,16,72.8,54,33.7,54,5,17,28,SOUTHERN VIRGINIA UNIVERSITY,0,17,1,81.7,80,0,40.3,2013-2014,7,2,15,-2,42,14,2,1,2013
28,10,10,2,0.357,-0.08716,13,2,3,1,63,2013-12-07,7,22,0,0.393,-0.04688,56,6,22,0,0.45,-0.217,20,8,9,1,0,12,18,10,18,8,0.444,11,2,22,0.44,50,22,0.667,12,8,8,16,71.0,60,33.1,60,10,21,30,YORK (PA.),0,16,0,79.0,63,0,40.3,2013-2014,9,-1,19,-2,40,10,5,1,2013
21,-7,7,-6,0.333,-0.1311,11,-10,3,-2,83,2013-12-15,15,25,2,0.478,-0.00293,69,15,33,7,0.588,0.0708,17,-12,10,-5,0,12,18,9,28,13,0.464,21,5,23,0.481,54,26,0.517,29,15,9,17,72.1,80,33.0,80,4,18,32,VIRGINIA WESLEYAN UNIVERSITY,1,22,5,79.5,83,0,40.6,2013-2014,6,2,13,-5,43,11,6,1,2013
19,-7,5,0,0.263,0.0709,6,1,5,2,56,2013-12-18,18,36,8,0.295,0.013916,61,4,18,2,0.833,0.2769,18,0,15,5,1,12,18,9,26,5,0.192,5,3,28,0.281,57,16,0.556,18,10,9,18,69.3,47,33.4,47,5,9,37,SALISBURY,0,17,-1,76.9,56,0,42.1,2013-2014,5,0,13,4,54,17,2,1,2013
29,5,4,-7,0.138,-0.32,10,-4,0,-1,76,2013-12-30,30,24,-6,0.339,-0.1228,62,10,21,-3,0.732,0.08496,41,24,30,19,1,12,18,11,24,11,0.458,14,1,30,0.462,52,24,0.647,17,11,7,26,69.4,70,33.8,70,7,21,37,PITT-GREENSBURG,0,17,-9,76.8,76,0,42.1,2013-2014,8,1,9,-12,42,5,0,1,2013
29,17,9,4,0.31,-0.10693,9,-1,6,0,72,2014-01-04,4,28,5,0.407,0.05908,54,-12,22,-1,0.594,0.09424,32,16,19,11,1,1,15,-5,12,5,0.417,10,6,23,0.348,66,23,0.5,16,8,20,25,68.5,59,34.6,59,5,15,43,FROSTBURG STATE UNIVERSITY,0,14,-11,76.4,72,0,42.2,2013-2014,4,-1,13,-2,43,0,5,1,2014
24,12,6,2,0.25,-0.083,7,0,3,1,46,2014-01-08,8,22,-12,0.276,-0.1592,58,12,16,-4,0.5,-0.2412,16,-11,8,-12,1,1,13,6,12,4,0.333,7,2,34,0.435,46,20,0.741,27,20,7,18,68.1,64,35.2,64,8,15,41,WESLEY,0,16,-2,73.8,46,0,41.6,2013-2014,6,-2,13,-2,35,-6,2,0,2014
20,-3,6,1,0.3,0.083,11,-1,3,-1,60,2014-01-11,11,30,7,0.436,0.04297,55,-1,24,2,0.462,-0.0762,13,-13,6,-8,0,1,7,-3,23,5,0.217,12,4,23,0.393,56,22,0.538,26,14,10,21,67.7,63,35.0,63,10,19,33,PENN STATE HARRISBURG,1,22,1,72.8,60,0,41.2,2013-2014,4,-6,23,4,37,4,5,0,2014
31,12,11,4,0.355,-0.01294,11,0,4,2,65,2014-01-15,15,28,1,0.418,0.02197,55,7,23,4,0.615,-0.12256,13,-29,8,-23,0,1,7,-1,19,7,0.368,11,2,27,0.396,48,19,0.738,42,31,8,15,68.3,76,35.0,76,10,13,35,MARY WASHINGTON,0,27,12,72.2,65,0,40.8,2013-2014,3,-7,17,4,35,0,2,0,2014
22,11,13,10,0.591,0.3179,13,7,7,5,76,2014-01-18,18,23,0,0.415,-0.04297,53,5,22,0,0.576,-0.0708,33,-1,19,-3,1,1,16,7,11,3,0.273,6,2,23,0.458,48,22,0.647,34,22,9,26,68.3,69,34.8,69,3,14,32,MARYMOUNT (VA.),0,23,-3,72.5,76,0,40.7,2013-2014,5,2,15,1,39,7,5,1,2014
19,7,9,9,0.474,0.474,17,10,5,3,84,2014-01-25,25,33,11,0.519,0.26,52,-2,27,13,0.808,0.08594,26,8,21,8,0,1,5,-5,12,0,0.0,7,2,22,0.259,54,14,0.722,18,13,10,17,66.6,41,34.6,41,3,16,32,FROSTBURG STATE UNIVERSITY,0,17,0,73.2,84,0,40.5,2013-2014,7,4,11,-5,38,6,5,1,2014
25,12,10,3,0.4,-0.1382,13,4,2,1,62,2014-01-27,27,22,3,0.49,-0.01001,51,5,25,2,0.4,-0.314,5,-23,2,-18,0,1,8,2,13,7,0.538,9,1,19,0.5,46,23,0.714,28,20,6,9,67.0,73,34.1,73,10,11,25,ST. MARY'S (MD.),0,22,13,72.5,62,0,39.9,2013-2014,6,-4,20,9,30,5,0,0,2014
21,11,8,7,0.381,0.2812,12,3,3,1,73,2014-02-01,1,20,-3,0.474,-0.0381,57,16,27,6,0.579,0.01904,19,-6,11,-3,1,2,13,6,10,1,0.1,9,2,23,0.512,41,21,0.56,25,14,7,16,66.4,57,33.8,57,5,14,30,YORK (PA.),0,22,6,72.6,73,0,39.5,2013-2014,7,2,8,-6,33,3,5,1,2014
19,-3,7,1,0.368,0.095,14,6,6,6,91,2014-02-03,3,21,5,0.571,0.0879,56,-2,32,4,0.769,0.03223,26,7,20,6,1,2,10,-3,22,6,0.273,8,0,16,0.483,58,28,0.737,19,14,13,22,66.9,76,33.6,76,5,16,29,SOUTHERN VIRGINIA UNIVERSITY,0,20,-2,73.5,91,0,39.1,2013-2014,13,8,11,-5,31,2,0,1,2014
19,-2,3,-6,0.158,-0.271,4,-12,2,1,58,2014-02-05,5,23,-4,0.373,-0.2012,51,4,19,-8,0.773,0.148,22,-10,17,-3,0,2,7,2,21,9,0.429,16,1,27,0.574,47,27,0.625,32,20,5,19,67.8,83,33.5,83,4,9,32,SALISBURY,0,24,5,72.8,58,0,38.6,2013-2014,4,0,13,4,30,-2,2,0,2014
15,-3,8,2,0.533,0.2002,13,-2,0,-6,63,2014-02-08,8,19,-1,0.44,-0.01611,50,-7,22,-4,0.846,0.0464,13,3,11,3,0,2,10,-4,18,6,0.333,15,6,20,0.456,57,26,0.8,10,8,14,12,67.7,66,33.5,66,2,11,34,WESLEY,0,16,4,72.3,63,0,38.1,2013-2014,7,5,12,1,29,-5,5,0,2014
21,1,8,4,0.381,0.1812,11,2,4,0,74,2014-02-12,12,26,6,0.5,0.155,52,-3,26,7,0.7,-0.126,20,-3,14,-5,1,2,11,-2,20,4,0.2,9,4,20,0.345,55,19,0.826,23,19,13,16,67.4,61,33.5,61,7,16,33,MARY WASHINGTON,0,18,2,72.4,74,0,38.1,2013-2014,10,3,16,0,37,4,2,1,2014
23,7,10,5,0.435,0.1221,8,-1,4,-2,74,2014-02-15,15,23,4,0.446,0.08203,56,12,25,9,0.636,-0.2388,22,14,14,7,1,2,17,11,16,5,0.313,9,6,19,0.364,44,16,0.875,8,7,6,18,66.3,44,33.1,44,2,16,25,PENN STATE HARRISBURG,0,13,-5,72.4,74,0,38.2,2013-2014,8,6,9,-7,40,15,5,1,2014
26,10,8,3,0.308,-0.004883,9,-3,6,4,64,2014-02-19,19,26,3,0.417,-0.0359,48,-5,20,-4,0.727,0.0,22,0,16,0,1,2,7,0,16,5,0.313,12,2,23,0.453,53,24,0.727,22,16,7,17,66.5,69,33.0,69,5,9,30,ST. MARY'S (MD.),0,16,-1,72.1,64,0,38.0,2013-2014,5,0,13,4,33,3,2,0,2014
21,3,5,1,0.238,0.01599,5,-5,1,-3,59,2014-02-22,22,24,-2,0.353,-0.03296,51,7,18,1,0.563,-0.0371,32,2,18,0,0,2,16,9,18,4,0.222,10,4,26,0.386,44,17,0.6,30,18,7,24,66.0,56,33.0,56,6,11,33,MARYMOUNT (VA.),0,21,-3,71.6,59,0,38.0,2013-2014,4,-2,12,1,40,7,5,1,2014
16,-5,5,-4,0.313,-0.11597,7,-8,8,8,78,2014-02-25,25,22,6,0.563,0.134,48,-1,27,6,0.95,0.0654,20,-6,19,-4,0,2,5,-3,21,9,0.429,15,0,16,0.429,49,21,0.885,26,23,8,18,66.3,74,32.7,74,8,16,24,SALISBURY,1,22,4,71.8,78,0,37.6,2013-2014,6,-2,17,1,27,3,1,1,2014
22,5,7,1,0.318,-0.0349,10,2,2,-3,59,2014-02-27,27,25,2,0.333,-0.013916,57,8,19,2,0.7,-0.07764,20,2,14,0,0,2,17,6,17,6,0.353,8,5,23,0.347,49,17,0.778,18,14,11,16,65.9,54,32.7,54,6,20,34,WESLEY,0,15,-1,71.3,59,0,37.8,2013-2014,9,3,16,-4,42,8,3,1,2014
23,0,4,-7,0.174,-0.3042,4,-9,4,4,48,2014-03-01,1,13,-10,0.409,-0.1702,44,6,18,-4,0.615,-0.009766,13,-3,8,-2,0,3,7,2,23,11,0.478,13,0,23,0.579,38,22,0.625,16,10,5,13,65.9,65,32.5,65,4,14,28,MARY WASHINGTON,0,17,4,70.5,48,0,37.1,2013-2014,3,-1,11,-3,20,-8,5,0,2014
14,3,5,2,0.357,0.084,11,1,7,4,71,2014-11-18,18,28,3,0.407,-0.013916,59,2,24,0,0.75,0.1909,24,-10,18,-1,1,11,11,-2,11,3,0.273,10,3,25,0.421,57,24,0.559,34,19,13,22,70.0,70,38.0,70,3,13,38,RANDOLPH-MACON,1,28,6,71.0,71,0,39.0,2014-2015,7,4,13,0,39,1,1,1,2014
30,13,7,3,0.233,-0.001953,15,3,8,4,64,2014-11-21,21,30,4,0.379,0.0908,58,-8,22,3,0.765,0.186,17,-2,13,2,0,11,12,-7,17,4,0.235,12,4,26,0.288,66,19,0.579,19,11,19,17,61.5,53,41.5,53,4,11,45,WASHINGTON AND LEE UNIVERSITY,0,20,3,67.5,64,0,40.5,2014-2015,4,0,14,3,42,-3,4,1,2014
31,14,7,-1,0.226,-0.245,12,-4,4,-2,66,2014-11-23,23,17,-14,0.313,-0.2158,67,16,21,-6,0.654,-0.124,26,-10,17,-11,0,11,18,10,17,8,0.471,16,6,31,0.529,51,27,0.778,36,28,8,22,71.0,90,40.7,90,8,17,39,LYNCHBURG UNIVERSITY,0,23,1,67.0,66,0,38.7,2014-2015,5,-3,17,0,35,-4,6,0,2014
29,18,7,4,0.241,-0.03198,14,4,3,0,71,2014-11-30,30,31,4,0.406,-0.0559,64,12,26,2,0.632,-0.08203,19,-2,12,-3,0,11,17,15,11,3,0.273,10,3,27,0.462,52,24,0.714,21,15,2,20,69.8,66,37.8,66,5,11,29,HAVERFORD,0,22,2,68.0,71,0,41.0,2014-2015,3,-2,16,5,48,19,6,1,2014
11,-4,5,0,0.455,0.1221,10,-7,3,1,89,2014-12-03,3,23,-2,0.489,-0.001953,45,-12,22,-6,0.615,-0.07666,65,39,40,22,1,12,10,-1,15,5,0.333,17,2,25,0.491,57,28,0.692,26,18,11,39,71.6,79,37.4,79,6,24,36,SOUTHERN VIRGINIA UNIVERSITY,0,26,-13,72.2,89,0,39.4,2014-2015,15,9,18,-6,33,-3,2,1,2014
18,-4,7,0,0.389,0.0708,11,3,5,-3,85,2014-12-06,6,28,5,0.478,0.1011,67,-2,32,6,0.609,0.1089,23,7,14,6,0,12,16,-1,22,7,0.318,8,8,23,0.377,69,26,0.5,16,8,17,24,70.8,67,37.8,67,6,13,40,FROSTBURG STATE UNIVERSITY,0,15,-9,74.3,85,0,40.2,2014-2015,7,1,14,1,44,4,5,1,2014
22,4,8,-2,0.364,-0.1921,14,6,7,4,83,2014-12-14,14,28,7,0.534,0.1101,58,-8,31,3,0.542,-0.125,24,-3,13,-5,1,12,13,0,18,10,0.556,8,3,21,0.424,66,28,0.667,27,18,13,24,72.7,84,37.3,84,4,14,34,VIRGINIA WESLEYAN UNIVERSITY,1,22,-2,75.6,83,0,40.3,2014-2015,4,0,20,6,41,7,6,0,2014
18,-5,3,-3,0.167,-0.094,10,3,4,1,48,2014-12-17,17,25,-1,0.321,-0.04102,53,6,17,0,0.579,-0.2451,19,2,11,-3,0,12,15,8,23,6,0.261,7,3,26,0.362,47,17,0.824,17,14,7,16,70.4,54,36.8,54,6,18,33,SALISBURY,0,17,1,72.1,48,0,40.2,2014-2015,10,4,17,-1,40,7,2,0,2014
38,25,15,11,0.395,0.0869,14,4,7,2,71,2014-12-29,29,27,-5,0.373,-0.02002,59,3,22,0,0.522,-0.11426,23,12,12,5,1,12,12,3,13,4,0.308,10,5,32,0.393,56,22,0.636,11,7,9,17,68.7,55,37.2,55,4,18,41,OTTERBEIN,0,18,1,72.0,71,0,40.1,2014-2015,10,6,11,-7,39,-2,0,1,2014
29,8,10,3,0.345,0.01196,18,11,4,-2,75,2014-12-30,30,28,7,0.463,0.0928,54,0,25,5,0.714,-0.06396,21,-6,15,-6,1,12,12,3,21,7,0.333,7,6,21,0.37,54,20,0.778,27,21,9,22,68.6,68,36.5,68,9,12,30,HOOD,0,19,-3,72.3,75,0,40.1,2014-2015,6,-3,14,2,40,10,1,1,2014
35,22,18,12,0.514,0.05225,22,12,2,1,95,2015-01-03,3,22,2,0.557,0.187,61,15,34,17,0.643,-0.10693,14,-14,9,-12,1,1,11,-1,13,6,0.462,10,1,20,0.37,46,17,0.75,28,21,12,18,67.9,61,36.1,61,9,22,32,YORK (PA.),0,18,0,74.4,95,0,39.5,2014-2015,10,1,15,-7,33,1,5,1,2015
20,8,7,5,0.35,0.1831,16,3,6,0,75,2015-01-06,6,28,7,0.449,0.084,49,-3,22,3,0.828,0.06934,29,0,24,2,0,1,10,0,12,2,0.167,13,6,21,0.365,52,19,0.759,29,22,10,26,67.4,62,35.7,62,14,21,31,WESLEY,0,23,-3,74.4,75,0,39.3,2014-2015,10,-4,27,6,38,7,1,1,2015
31,10,12,6,0.387,0.1011,18,8,4,-1,81,2015-01-10,10,29,5,0.443,0.0542,61,7,27,6,0.652,0.0957,23,5,15,5,1,1,14,5,21,6,0.286,10,5,24,0.389,54,21,0.556,18,10,9,19,66.7,58,35.5,58,2,14,33,PENN STATE HARRISBURG,0,20,1,74.9,81,0,39.6,2014-2015,11,9,12,-2,43,10,5,1,2015
23,6,7,3,0.304,0.069,12,2,3,-3,66,2015-01-14,14,29,1,0.362,0.03906,58,-4,21,1,0.654,-0.1704,26,9,17,3,1,1,13,-3,17,4,0.235,10,6,28,0.323,62,20,0.824,17,14,16,19,66.1,58,36.1,58,8,16,44,ST. MARY'S (MD.),0,18,-1,74.3,66,0,39.8,2014-2015,9,1,14,-2,42,-2,2,1,2015
16,2,7,4,0.438,0.224,7,-2,3,0,60,2015-01-17,17,18,0,0.488,0.031,43,-3,21,0,0.579,-0.1938,19,-3,11,-6,0,1,10,-4,14,3,0.214,9,3,18,0.457,46,21,0.773,22,17,14,15,65.8,62,35.8,62,6,11,32,MARYMOUNT (VA.),0,19,4,73.3,60,0,39.0,2014-2015,6,0,15,4,28,-4,5,0,2015
29,11,6,0,0.207,-0.126,10,1,7,1,53,2015-01-21,21,24,2,0.351,-0.01587,57,8,20,2,0.7,-0.07764,10,1,7,0,1,1,16,8,18,6,0.333,9,6,22,0.367,49,18,0.778,9,7,8,12,64.8,49,35.4,49,13,16,30,MARY WASHINGTON,0,11,-1,72.1,53,0,39.1,2014-2015,8,-5,16,0,40,10,2,1,2015
32,13,11,7,0.344,0.1329,22,11,8,4,92,2015-01-24,24,27,7,0.463,0.105,67,14,31,12,0.95,0.2544,20,-3,19,3,1,1,16,5,19,4,0.211,11,4,20,0.358,53,19,0.696,23,16,11,15,64.4,58,35.2,58,9,20,31,FROSTBURG STATE UNIVERSITY,0,18,3,73.2,92,0,39.3,2014-2015,13,4,15,-5,43,12,5,1,2015
29,18,4,1,0.138,-0.135,6,-2,0,-3,59,2015-01-28,28,22,-1,0.309,-0.104,55,9,17,-2,0.618,-0.06104,34,6,21,2,0,1,20,9,11,3,0.273,8,3,23,0.413,46,19,0.679,28,19,11,24,64.1,60,35.1,60,16,24,34,SOUTHERN VIRGINIA UNIVERSITY,1,21,-3,72.4,59,0,39.4,2014-2015,8,-8,23,-1,42,8,2,0,2015
31,15,10,7,0.323,0.135,14,3,0,-1,63,2015-01-31,31,18,-4,0.389,-0.073,54,15,21,3,0.647,-0.11523,17,-4,11,-5,0,1,16,11,16,3,0.188,11,1,22,0.462,39,18,0.762,21,16,5,16,63.6,55,34.7,55,8,13,27,YORK (PA.),0,19,3,71.9,63,0,39.2,2014-2015,6,-2,9,-4,34,7,5,1,2015
22,-3,8,-3,0.364,-0.0759,14,-3,7,2,57,2015-02-04,4,21,-12,0.344,-0.0769,64,7,22,-2,0.357,-0.357,14,7,5,0,1,2,14,0,25,11,0.44,17,5,33,0.421,57,24,0.714,7,5,14,17,63.7,64,35.3,64,7,23,47,SALISBURY,1,14,-3,71.2,57,0,39.0,2014-2015,17,10,14,-9,35,-12,2,0,2015
32,21,12,8,0.375,0.01099,17,10,10,8,69,2015-02-07,7,30,4,0.429,0.193,56,1,24,11,0.75,0.0498,12,-18,9,-12,1,2,8,-8,11,4,0.364,7,2,26,0.236,55,13,0.7,30,21,16,16,63.0,51,35.6,51,8,15,42,WESLEY,0,25,9,71.1,69,0,38.9,2014-2015,9,1,14,-1,38,-4,5,1,2015
22,7,5,2,0.227,0.0271,9,7,2,-2,58,2015-02-11,11,22,0,0.388,0.01587,49,6,19,3,0.714,0.03467,21,-7,15,-4,0,2,12,4,15,3,0.2,2,4,22,0.372,43,16,0.679,28,19,8,23,62.6,54,35.4,54,8,18,30,MARY WASHINGTON,0,16,-7,70.5,58,0,38.7,2014-2015,5,-3,19,1,34,4,2,1,2015
30,18,14,11,0.467,0.217,19,8,5,-2,80,2015-02-14,14,35,10,0.412,0.0271,68,3,28,3,0.909,0.3462,11,-5,10,1,1,2,16,4,12,3,0.25,11,7,25,0.385,65,25,0.563,16,9,12,14,62.6,62,35.4,62,4,11,37,MARYMOUNT (VA.),0,17,3,70.9,80,0,39.2,2014-2015,4,0,14,3,51,14,5,1,2015
26,12,11,2,0.423,-0.22,13,-5,2,0,78,2015-02-18,18,14,-14,0.446,-0.158,56,8,25,-4,0.586,-0.1641,29,1,17,-4,0,2,10,2,14,9,0.643,18,2,28,0.604,48,29,0.75,28,21,8,23,63.7,88,35.5,88,4,16,36,ST. MARY'S (MD.),0,27,4,71.2,78,0,38.6,2014-2015,7,3,10,-6,24,-12,2,0,2015
21,6,4,-3,0.19,-0.277,7,-4,3,3,66,2015-02-21,21,19,7,0.49,0.06396,49,2,24,4,0.667,0.02393,21,7,14,5,0,2,15,4,15,7,0.467,11,0,12,0.426,47,20,0.643,14,9,11,21,63.4,56,35.0,56,2,16,23,PENN STATE HARRISBURG,0,19,-2,71.0,66,0,38.4,2014-2015,8,6,12,-4,34,11,5,1,2015
24,15,13,9,0.542,0.0979,14,9,9,5,87,2015-02-24,24,27,5,0.528,0.08984,53,-20,28,-4,0.818,0.0957,22,4,18,5,1,2,4,-13,9,4,0.444,5,4,22,0.438,73,32,0.722,18,13,17,19,64.0,81,35.1,81,11,13,39,WESLEY,0,16,-3,71.6,87,0,38.1,2014-2015,7,-4,16,3,31,-8,1,1,2015
29,14,13,10,0.448,0.248,15,4,3,1,83,2015-02-26,26,27,4,0.491,0.06494,53,-8,26,0,0.692,0.083,26,3,18,4,0,2,10,-3,15,3,0.2,11,2,23,0.426,61,26,0.609,23,14,13,19,64.2,69,35.1,69,5,12,36,ST. MARY'S (MD.),0,20,1,72.0,83,0,38.1,2014-2015,5,0,14,2,37,1,3,1,2015
13,1,5,2,0.385,0.135,5,-3,1,-2,57,2015-02-28,28,22,6,0.468,0.08594,47,-8,22,1,0.727,-0.08594,11,-5,8,-5,0,2,10,-3,12,3,0.25,8,3,16,0.382,55,21,0.813,16,13,13,9,64.0,58,34.9,58,5,8,29,SALISBURY,0,19,10,71.5,57,0,37.9,2014-2015,4,-1,14,6,32,3,5,0,2015
24,4,6,2,0.25,0.05005,15,3,5,2,72,2015-11-15,15,27,4,0.356,0.0679,59,0,21,4,0.774,0.0537,31,6,24,6,1,11,18,1,20,4,0.2,12,3,23,0.288,59,17,0.72,25,18,17,24,56.0,56,40.0,56,1,15,40,LYNCHBURG UNIVERSITY,0,18,-6,72.0,72,0,45.0,2015-2016,5,4,13,-2,45,5,6,1,2015
17,3,6,2,0.353,0.06714,19,11,6,-1,70,2015-11-17,17,27,7,0.491,0.083,57,8,28,8,0.667,0.196,12,-5,8,0,1,11,12,5,14,4,0.286,8,7,20,0.408,49,20,0.471,17,8,7,14,54.0,52,33.5,52,10,18,27,WASHINGTON AND LEE UNIVERSITY,0,16,2,71.0,70,0,42.0,2015-2016,14,4,17,-1,39,12,1,1,2015
17,-2,6,-1,0.353,-0.01489,14,1,7,7,74,2015-11-24,24,25,7,0.543,0.114,46,-10,25,1,0.72,0.05322,25,10,18,8,0,11,7,-5,19,7,0.368,13,0,18,0.429,56,24,0.667,15,10,12,20,57.7,65,32.3,65,7,14,30,RANDOLPH-MACON,0,20,0,72.0,74,0,38.7,2015-2016,7,0,13,-1,32,2,1,1,2015
23,4,8,4,0.348,0.1368,19,12,7,0,74,2015-11-29,29,33,8,0.467,0.1912,60,2,28,12,0.588,-0.1982,17,3,10,-1,1,11,14,3,19,4,0.211,7,7,25,0.276,58,16,0.786,14,11,11,15,55.0,47,33.2,47,11,18,36,FROSTBURG STATE UNIVERSITY,0,17,2,72.5,74,0,40.8,2015-2016,13,2,17,-1,47,11,6,1,2015
20,-7,8,-2,0.4,0.02979,11,-3,4,3,71,2015-12-02,2,22,6,0.469,0.0459,49,-3,23,1,0.654,0.1089,26,15,17,11,1,12,15,4,27,10,0.37,14,1,16,0.423,52,22,0.545,11,6,11,22,56.0,60,32.0,60,9,13,27,SALISBURY,0,14,-8,72.2,71,0,40.0,2015-2016,6,-3,15,2,37,10,2,1,2015
30,17,10,5,0.333,-0.052,12,5,8,5,68,2015-12-05,5,32,12,0.39,0.0569,59,5,23,5,0.571,-0.1094,21,-4,12,-5,0,12,18,10,13,5,0.385,7,3,20,0.333,54,18,0.68,25,17,8,19,56.3,58,31.3,58,4,6,28,MARYMOUNT (VA.),0,23,4,71.5,68,0,41.7,2015-2016,2,-2,15,9,50,22,5,1,2015
17,1,5,1,0.294,0.04395,12,5,2,-1,64,2015-12-13,13,26,8,0.49,0.1621,51,-10,25,5,0.75,0.0698,12,-13,9,-8,0,12,10,-6,16,4,0.25,7,3,18,0.328,61,20,0.68,25,17,16,18,57.0,61,31.7,61,12,15,34,VIRGINIA WESLEYAN UNIVERSITY,0,20,2,70.4,64,0,40.9,2015-2016,7,-5,23,8,36,2,6,1,2015
23,0,9,0,0.391,0.0,20,4,3,1,93,2015-12-16,16,26,5,0.545,0.134,66,10,36,13,0.75,0.0952,16,-13,12,-7,0,12,11,1,23,9,0.391,16,2,21,0.411,56,23,0.655,29,19,10,17,59.1,74,31.6,74,4,17,31,PITT-GREENSBURG,0,18,1,73.2,93,0,40.4,2015-2016,8,4,13,-4,37,6,2,1,2015
27,11,8,2,0.296,-0.0791,20,7,7,2,80,2015-12-29,29,26,-6,0.373,-0.04785,67,10,25,1,0.786,0.1611,28,4,22,7,1,12,14,3,16,6,0.375,13,5,32,0.421,57,24,0.625,24,15,11,27,60.2,69,32.9,69,4,20,43,SHENANDOAH UNIVERSITY,0,19,-8,74.0,80,0,40.3,2015-2016,8,4,12,-8,40,-3,1,1,2015
25,12,7,1,0.28,-0.1819,13,-1,1,-2,58,2015-12-30,30,18,-4,0.404,-0.12085,52,12,21,0,0.75,0.01123,12,-11,9,-8,1,12,10,6,13,6,0.462,14,3,22,0.525,40,21,0.739,23,17,4,16,60.7,65,32.2,65,4,16,26,SCRANTON,0,19,3,72.4,58,0,39.1,2015-2016,6,2,14,-2,28,2,2,0,2015
16,6,6,6,0.375,0.375,12,6,5,-1,75,2016-01-02,2,33,17,0.466,0.207,58,4,27,13,0.652,0.2078,23,-4,15,3,1,1,18,4,10,0,0.0,6,6,16,0.259,54,14,0.444,27,12,14,17,58.8,40,32.0,40,8,15,30,SOUTHERN VIRGINIA UNIVERSITY,0,24,7,72.6,75,0,40.2,2015-2016,7,-1,15,0,51,21,5,1,2016
15,5,6,2,0.4,0.0,5,-2,3,2,77,2016-01-06,6,24,6,0.419,-0.00708,43,-11,18,-5,0.854,0.2021,41,18,35,20,0,1,8,1,10,4,0.4,7,1,18,0.426,54,23,0.652,23,15,7,31,59.3,65,31.4,65,7,10,25,PENN STATE HARRISBURG,0,23,-8,73.0,77,0,39.5,2015-2016,3,-4,15,5,32,7,2,1,2016
21,11,10,6,0.476,0.0762,15,5,9,1,81,2016-01-09,9,25,5,0.463,0.02197,54,-5,25,-1,0.808,0.0581,26,10,21,9,1,1,11,1,10,4,0.4,10,8,20,0.441,59,26,0.75,16,12,10,22,60.0,68,31.3,68,7,15,30,WESLEY,0,19,-3,73.6,81,0,39.2,2015-2016,11,4,16,1,36,6,5,1,2016
21,4,9,3,0.429,0.0759,17,9,6,-1,80,2016-01-13,13,24,1,0.478,0.11304,67,4,32,9,0.538,-0.0498,13,-4,7,-3,0,1,16,-2,17,6,0.353,8,7,23,0.365,63,23,0.588,17,10,18,16,60.1,62,32.0,62,6,18,41,MARY WASHINGTON,0,14,-2,74.1,80,0,39.3,2015-2016,6,0,13,-5,40,-1,2,1,2016
24,12,9,5,0.375,0.042,15,4,8,5,72,2016-01-16,16,25,5,0.453,0.1118,53,9,24,9,0.517,-0.3467,29,7,15,-4,1,1,15,10,12,4,0.333,11,3,20,0.341,44,15,0.864,22,19,5,28,59.7,53,31.5,53,3,16,25,YORK (PA.),0,22,-6,73.9,72,0,39.3,2015-2016,10,7,13,-3,40,15,5,1,2016
26,6,9,3,0.346,0.0459,14,1,4,2,83,2016-01-20,20,30,3,0.407,0.02808,59,1,24,2,0.684,0.03027,38,12,26,9,0,1,14,3,20,6,0.3,13,2,27,0.379,58,22,0.654,26,17,11,32,60.1,67,31.9,67,5,18,38,ST. MARY'S (MD.),0,22,-10,74.5,83,0,39.6,2015-2016,8,3,14,-4,44,6,2,1,2016
12,1,5,3,0.417,0.235,10,1,2,-3,82,2016-01-27,27,19,-1,0.5,0.03198,52,5,26,4,0.676,-0.0952,37,2,25,-2,0,1,8,3,11,2,0.182,9,5,20,0.468,47,22,0.771,35,27,5,27,60.9,73,31.5,73,10,21,25,SOUTHERN VIRGINIA UNIVERSITY,0,26,-1,74.9,82,0,38.9,2015-2016,8,-2,15,-6,27,2,2,1,2016
19,10,11,11,0.579,0.579,13,10,7,1,90,2016-01-30,30,22,8,0.511,0.3174,45,9,23,16,0.733,-0.06104,45,11,33,6,1,1,13,3,9,0,0.0,3,6,14,0.194,36,7,0.794,34,27,10,37,59.8,41,31.1,41,8,25,24,PENN STATE HARRISBURG,0,27,-10,75.8,90,0,38.7,2015-2016,8,0,16,-9,35,11,5,1,2016
18,1,4,-4,0.222,-0.2489,17,6,5,1,82,2016-02-01,1,31,9,0.464,0.06714,56,-7,26,1,0.667,0.0762,39,17,26,13,0,2,15,4,17,8,0.471,11,4,22,0.397,63,25,0.591,22,13,11,24,60.4,71,31.2,71,6,12,33,FROSTBURG STATE UNIVERSITY,0,19,-5,76.1,82,0,39.1,2015-2016,6,0,14,2,46,13,0,1,2016
16,-3,5,-1,0.313,-0.00293,9,3,6,1,61,2016-02-03,3,17,-6,0.404,0.03394,57,3,23,3,0.714,-0.0083,14,-4,10,-3,0,2,13,-5,19,6,0.316,6,5,23,0.37,54,20,0.722,18,13,18,19,60.3,59,31.7,59,6,17,41,SALISBURY,1,19,0,75.3,61,0,38.6,2015-2016,5,-1,13,-4,30,-11,2,1,2016
21,13,7,3,0.333,-0.167,13,1,6,2,78,2016-02-06,6,18,4,0.543,0.062,46,-6,25,0,0.75,-0.01904,28,2,21,1,0,2,9,-3,8,4,0.5,12,4,14,0.481,52,25,0.769,26,20,12,27,61.0,74,31.4,74,8,5,26,WESLEY,0,18,-9,75.5,78,0,38.0,2015-2016,1,-7,15,10,27,1,5,1,2016
30,17,12,7,0.4,0.01489,21,10,4,1,79,2016-02-10,10,29,7,0.458,0.02393,59,6,27,4,0.867,0.01709,15,-5,13,-4,1,2,12,8,13,5,0.385,11,3,22,0.434,53,23,0.85,20,17,4,16,61.3,68,31.2,68,7,11,26,MARY WASHINGTON,0,19,3,75.6,79,0,38.2,2015-2016,5,-2,15,4,41,15,2,1,2016
20,4,8,5,0.4,0.2119,13,3,3,-2,80,2016-02-13,13,25,0,0.429,-0.093,63,17,27,3,0.72,0.1201,25,10,18,9,0,2,16,13,16,3,0.188,10,5,25,0.522,46,24,0.6,15,9,3,21,61.2,60,31.0,60,3,17,28,YORK (PA.),0,19,-2,75.8,80,0,38.3,2015-2016,7,4,8,-9,41,13,5,1,2016
21,-2,4,-3,0.19,-0.114,16,7,5,1,69,2016-02-17,17,29,0,0.453,0.0569,64,11,29,8,0.778,0.4697,9,-4,7,3,1,2,8,1,23,7,0.304,9,4,29,0.396,53,21,0.308,13,4,7,15,60.9,53,31.3,53,5,17,36,ST. MARY'S (MD.),0,13,-2,75.5,69,0,38.2,2015-2016,9,4,9,-8,37,1,2,1,2016
17,7,6,3,0.353,0.05298,15,2,7,5,89,2016-02-20,20,27,13,0.579,0.1992,57,7,33,14,0.81,0.189,21,-8,17,-1,1,2,12,2,10,3,0.3,13,2,14,0.38,50,19,0.621,29,18,10,19,60.8,59,31.0,59,7,12,24,MARYMOUNT (VA.),0,20,1,76.1,89,0,38.3,2015-2016,7,0,13,1,39,15,5,1,2016
20,8,6,1,0.3,-0.11694,9,-2,6,-2,57,2016-02-25,25,24,0,0.308,-0.1819,52,3,16,-8,0.655,0.0547,29,24,19,16,1,2,18,15,12,5,0.417,11,8,24,0.49,49,24,0.6,5,3,3,26,60.6,56,30.8,56,6,15,27,ST. MARY'S (MD.),0,11,-15,75.3,57,0,38.4,2015-2016,7,1,14,-1,42,15,3,1,2016
16,-5,7,-1,0.438,0.0569,15,6,1,-1,68,2016-02-27,27,22,0,0.489,0.0659,47,-5,23,1,0.6,-0.2817,25,8,15,0,1,2,8,-1,21,8,0.381,9,2,22,0.423,52,22,0.882,17,15,9,23,60.9,67,30.8,67,7,21,31,SALISBURY,1,16,-7,75.1,68,0,38.1,2015-2016,8,1,18,-3,30,-1,5,1,2016
28,18,9,2,0.321,-0.3792,16,9,3,2,79,2016-03-04,4,28,4,0.491,0.0,57,2,28,1,0.933,0.433,15,-5,14,4,1,3,6,0,10,7,0.7,7,1,24,0.491,55,27,0.5,20,10,6,18,61.2,71,30.8,71,10,14,30,LYCOMING,0,17,-1,75.2,79,0,38.0,2015-2016,3,-7,15,1,34,4,4,1,2016
20,16,6,6,0.3,0.3,8,0,9,2,67,2016-03-05,5,26,-3,0.349,-0.07495,63,4,22,-3,0.739,0.2007,23,-3,17,3,1,3,14,-1,4,0,0.0,8,7,29,0.424,59,25,0.538,26,14,15,18,61.3,64,31.2,64,0,11,44,NYU,0,21,3,74.9,67,0,38.0,2015-2016,9,9,6,-5,40,-4,5,1,2016
27,19,9,7,0.333,0.083,12,7,2,-2,74,2016-03-11,11,30,4,0.424,0.03906,59,7,25,5,0.682,0.0371,22,-9,15,-5,1,3,12,4,8,2,0.25,5,4,26,0.385,52,20,0.645,31,20,8,23,61.3,62,31.3,62,8,14,34,KEENE STATE COLLEGE,0,22,-1,74.9,74,0,38.2,2015-2016,6,-2,17,3,42,8,4,1,2016
18,5,5,1,0.278,-0.03003,16,9,8,6,81,2016-03-12,12,25,0,0.537,0.167,54,0,29,9,0.621,-0.00879,29,2,18,1,1,3,8,-4,13,4,0.308,7,2,25,0.37,54,20,0.63,27,17,12,26,61.3,61,31.5,61,8,17,37,COLLEGE OF WOOSTER,0,18,-8,75.1,81,0,38.0,2015-2016,8,0,12,-5,33,-4,5,1,2016
19,11,5,4,0.263,0.138,10,7,3,-2,62,2016-03-18,18,27,-2,0.458,0.04712,59,3,27,4,0.273,-0.519,11,-13,3,-16,1,3,8,-3,8,1,0.125,3,5,29,0.411,56,23,0.792,24,19,11,15,61.5,66,31.8,66,8,12,40,ST. THOMAS,0,23,8,74.7,62,0,37.9,2015-2016,4,-4,12,0,35,-5,4,0,2016
16,-5,6,0,0.375,0.0891,16,9,3,-3,70,2016-11-15,15,30,6,0.475,0.1421,59,8,28,11,0.5,-0.1362,16,5,8,1,1,11,12,6,21,6,0.286,7,6,24,0.333,51,17,0.636,11,7,6,18,47.0,47,30.0,47,3,16,30,RANDOLPH-MACON,0,14,-4,70.0,70,0,42.0,2016-2017,7,4,11,-5,42,12,1,1,2016
20,6,9,4,0.45,0.093,13,6,4,-1,71,2016-11-18,18,26,10,0.5,0.136,50,-5,25,5,0.6,0.1001,20,8,12,6,1,11,10,-2,14,5,0.357,7,5,16,0.364,55,20,0.5,12,6,12,16,49.0,51,29.0,51,8,18,28,WISC.-STEVENS POINT,0,14,-2,70.5,71,0,39.0,2016-2017,10,2,15,-3,36,8,4,1,2016
24,-6,6,-3,0.25,-0.05005,10,-6,3,0,50,2016-11-19,19,28,-7,0.262,-0.093,61,-1,16,-6,0.706,-0.1338,17,-8,12,-9,1,11,11,1,30,9,0.3,16,3,35,0.355,62,22,0.84,25,21,10,17,57.3,74,34.3,74,5,9,45,MARIETTA,0,22,5,63.7,50,0,39.0,2016-2017,1,-4,12,3,39,-6,5,0,2016
17,2,9,3,0.529,0.1289,13,2,3,-7,76,2016-11-27,27,21,3,0.492,0.0349,61,15,30,9,0.7,0.08496,10,-3,7,-1,0,11,14,10,15,6,0.4,11,10,18,0.457,46,21,0.615,13,8,4,14,57.0,56,31.3,56,6,16,22,DICKINSON,0,16,2,66.8,76,0,38.0,2016-2017,6,0,13,-3,35,13,6,1,2016
22,10,8,3,0.364,-0.05298,19,8,2,0,80,2016-11-30,30,29,8,0.525,0.1799,61,6,32,13,0.615,-0.05176,13,-5,8,-4,1,11,11,0,12,5,0.417,11,2,21,0.345,55,19,0.667,18,12,11,15,56.6,55,31.4,55,5,17,32,SOUTHERN VIRGINIA UNIVERSITY,0,15,0,69.4,80,0,38.4,2016-2017,11,6,11,-6,40,8,2,1,2016
25,10,7,3,0.28,0.01294,13,7,5,-4,62,2016-12-03,3,24,-2,0.295,-0.021,61,4,18,0,0.864,0.2139,22,2,19,6,1,12,17,-1,15,4,0.267,6,9,26,0.316,57,18,0.65,20,13,18,21,56.0,53,33.5,53,5,15,44,FROSTBURG STATE UNIVERSITY,0,17,-4,68.2,62,0,38.8,2016-2017,9,4,11,-4,41,-3,5,1,2016
29,4,9,1,0.31,-0.01001,18,7,3,-1,85,2016-12-11,11,30,5,0.5,0.148,60,6,30,11,0.8,0.1157,20,1,16,3,1,12,8,0,25,8,0.32,11,4,25,0.352,54,19,0.684,19,13,8,19,56.4,59,33.4,59,5,14,33,YORK (PA.),0,22,3,70.6,85,0,38.7,2016-2017,7,2,9,-5,38,5,6,1,2016
29,12,9,4,0.31,0.01611,8,-2,4,-3,58,2016-12-17,17,29,2,0.311,-0.03906,61,1,19,-2,0.9,0.1001,10,-5,9,-3,0,12,15,4,17,5,0.294,10,7,27,0.35,60,21,0.8,15,12,11,12,56.8,59,34.0,59,5,8,38,SALISBURY,0,14,2,69.0,58,0,39.4,2016-2017,5,0,14,6,44,6,5,0,2016
37,19,12,6,0.324,-0.00903,29,21,6,-2,96,2016-12-28,28,32,4,0.418,0.09106,91,39,38,21,0.8,0.4668,10,1,8,5,1,12,25,18,18,6,0.333,8,8,28,0.327,52,17,0.333,9,3,7,12,55.2,43,34.1,43,4,30,35,PITT-GREENSBURG,0,11,-1,72.0,96,0,41.3,2016-2017,21,17,9,-21,57,22,2,1,2016
24,13,13,12,0.542,0.451,21,18,6,-2,86,2016-12-29,29,40,22,0.509,0.2627,57,-4,29,14,0.682,0.1821,22,2,15,5,1,12,14,1,11,1,0.091,3,8,18,0.246,61,15,0.5,20,10,13,19,53.8,41,33.8,41,7,13,31,OLD WESTBURY,0,17,-2,73.4,86,0,42.6,2016-2017,5,-2,17,4,54,23,3,1,2016
26,6,12,3,0.462,0.01196,21,8,12,5,86,2017-01-01,1,31,6,0.5,0.11206,64,-3,32,6,0.556,-0.02686,18,-6,10,-4,1,1,14,-1,20,9,0.45,13,7,25,0.388,67,26,0.583,24,14,15,21,55.7,75,34.4,75,4,4,40,VIRGINIA WESLEYAN UNIVERSITY,0,17,-4,74.5,86,0,42.8,2016-2017,3,-1,11,7,45,5,6,1,2017
18,9,8,4,0.444,0.0,10,3,4,0,71,2017-01-04,4,15,-6,0.481,0.0989,54,-1,26,5,0.611,-0.189,18,-2,11,-5,0,1,10,-11,9,4,0.444,7,4,21,0.382,55,21,0.8,20,16,21,21,56.2,62,35.0,62,2,18,42,WESLEY,0,18,-3,74.2,71,0,41.3,2016-2017,6,4,10,-8,25,-17,2,1,2017
27,15,9,7,0.333,0.166,11,6,1,-6,70,2017-01-08,8,21,-5,0.385,-0.01489,65,20,25,7,0.611,-0.02197,18,-12,11,-8,0,1,15,6,12,2,0.167,5,7,26,0.4,45,18,0.633,30,19,9,16,56.3,57,35.0,57,3,15,35,MARYMOUNT (VA.),0,18,2,73.9,70,0,40.9,2016-2017,7,4,9,-6,36,1,6,1,2017
27,21,5,1,0.185,-0.482,11,-1,8,5,68,2017-01-11,11,20,-8,0.379,-0.0862,58,15,22,2,0.613,-0.1494,31,10,19,3,1,1,13,7,6,4,0.667,12,3,28,0.465,43,20,0.762,21,16,6,26,56.6,60,34.9,60,4,21,34,ST. MARY'S (MD.),0,21,-5,73.5,68,0,40.4,2016-2017,10,6,10,-11,33,-1,2,1,2017
20,10,8,6,0.4,0.2,11,7,2,-1,73,2017-01-14,14,26,-1,0.469,0.10205,49,0,23,5,0.528,-0.1523,36,11,19,2,0,1,12,5,10,2,0.2,4,3,27,0.367,49,18,0.68,25,17,7,29,56.5,55,34.9,55,5,10,34,PENN STATE HARRISBURG,0,24,-5,73.5,73,0,40.2,2016-2017,4,-1,11,1,38,4,5,1,2017
23,5,11,6,0.478,0.2,18,7,4,-1,81,2017-01-18,18,33,9,0.475,0.1311,61,-3,29,7,0.632,-0.0952,19,-3,12,-4,1,1,11,0,18,5,0.278,11,5,24,0.344,64,22,0.727,22,16,11,17,57.0,65,34.9,65,5,8,35,MARY WASHINGTON,0,19,2,73.9,81,0,40.4,2016-2017,5,0,10,2,44,9,2,1,2017
20,9,10,6,0.5,0.136,21,9,2,1,93,2017-01-21,21,26,8,0.565,0.177,62,-5,35,9,0.619,0.06934,21,1,13,2,0,1,11,-10,11,4,0.364,12,1,18,0.388,67,26,0.55,20,11,21,17,57.6,67,35.1,67,5,11,39,FROSTBURG STATE UNIVERSITY,0,16,-1,75.1,93,0,40.2,2016-2017,7,2,8,-3,37,-2,5,1,2017
21,-1,5,-3,0.238,-0.126,8,-1,4,1,55,2017-01-25,25,31,5,0.362,0.05713,47,-12,17,-1,0.762,-0.1377,21,11,16,7,1,1,8,-3,22,8,0.364,9,3,26,0.305,59,18,0.9,10,9,11,18,57.3,53,35.2,53,8,10,37,SALISBURY,0,14,-4,73.9,55,0,40.2,2016-2017,5,-3,16,6,39,2,2,1,2017
29,10,8,5,0.276,0.1179,15,10,6,-1,75,2017-01-28,28,38,13,0.362,0.09106,69,10,25,9,0.68,0.1094,25,4,17,5,1,1,24,12,19,3,0.158,5,7,25,0.271,59,16,0.571,21,12,12,22,56.8,47,35.3,47,5,16,37,PENN STATE HARRISBURG,0,19,-3,74.0,75,0,41.3,2016-2017,10,5,13,-3,62,25,5,1,2017
20,0,11,3,0.55,0.1499,6,-2,7,2,73,2017-02-01,1,35,4,0.421,0.1238,57,-7,24,5,0.56,-0.09375,25,-1,14,-3,0,2,10,-5,20,8,0.4,8,5,31,0.297,64,19,0.654,26,17,15,21,57.1,63,35.8,63,7,13,46,MARY WASHINGTON,0,21,0,73.9,73,0,41.5,2016-2017,4,-3,13,0,45,-1,2,1,2017
20,8,6,0,0.3,-0.2,16,7,6,5,88,2017-02-04,4,33,14,0.559,0.2322,59,7,33,16,0.533,-0.12256,30,-2,16,-5,0,2,15,9,12,6,0.5,9,1,19,0.327,52,17,0.656,32,21,6,21,57.3,61,35.3,61,9,14,25,ST. MARY'S (MD.),0,21,0,74.6,88,0,41.8,2016-2017,6,-3,14,0,48,23,5,1,2017
23,16,9,8,0.391,0.2482,12,7,4,1,72,2017-02-08,8,28,6,0.453,0.1699,64,11,29,14,0.417,-0.391,12,-14,5,-16,1,2,16,4,7,1,0.143,5,3,22,0.283,53,15,0.808,26,21,12,13,57.0,52,35.3,52,5,15,34,MARYMOUNT (VA.),0,21,8,74.5,72,0,41.9,2016-2017,9,4,15,0,44,10,2,1,2017
25,16,9,7,0.36,0.1381,26,16,6,3,90,2017-02-11,11,34,13,0.556,0.207,63,0,35,13,0.688,0.324,16,5,11,7,1,2,9,-1,9,2,0.222,10,3,21,0.349,63,22,0.364,11,4,10,12,56.7,50,35.1,50,8,14,31,WESLEY,0,12,0,75.2,90,0,42.0,2016-2017,10,2,12,-2,43,12,5,1,2017
21,4,8,5,0.381,0.2051,10,4,4,1,69,2017-02-15,15,29,3,0.464,0.2231,56,-2,26,12,0.529,-0.00928,17,-9,9,-5,0,2,9,-3,17,3,0.176,6,3,26,0.241,58,14,0.538,26,14,12,18,56.2,45,35.2,45,11,17,38,SOUTHERN VIRGINIA UNIVERSITY,0,21,3,74.9,69,0,41.8,2016-2017,7,-4,13,-4,38,0,2,1,2017
22,5,5,0,0.227,-0.0669,9,-4,2,-5,70,2017-02-18,18,32,10,0.388,-0.01196,49,-1,19,-1,0.794,0.09375,34,14,27,13,0,2,14,12,17,5,0.294,13,7,22,0.4,50,20,0.7,20,14,2,25,56.4,59,34.8,59,11,14,24,YORK (PA.),0,21,-4,74.7,70,0,42.0,2016-2017,9,-2,20,6,46,22,5,1,2017
16,3,5,4,0.313,0.236,15,9,4,2,78,2017-02-23,23,27,7,0.526,0.1558,57,11,30,13,0.619,-0.1641,21,-2,13,-5,1,2,12,5,13,1,0.077,6,2,20,0.37,46,17,0.783,23,18,7,18,56.2,53,34.5,53,1,11,27,MARYMOUNT (VA.),0,19,1,74.8,78,0,41.8,2016-2017,10,9,7,-4,39,12,3,1,2017
23,9,7,2,0.304,-0.05298,10,4,8,5,63,2017-02-25,25,24,-2,0.393,-0.013916,56,2,22,0,0.6,-0.1221,20,2,12,-1,1,2,13,1,14,5,0.357,6,3,26,0.407,54,22,0.722,18,13,12,18,56.4,62,34.6,62,3,12,38,SALISBURY,0,19,1,74.4,63,0,41.7,2016-2017,6,3,8,-4,37,-1,5,1,2017
25,13,9,6,0.36,0.1101,11,3,1,-2,81,2017-03-03,3,26,11,0.55,0.2578,60,12,33,19,0.5,-0.1362,12,-10,6,-8,1,3,15,4,12,3,0.25,8,3,15,0.292,48,14,0.636,22,14,11,14,56.0,45,34.3,45,8,15,26,MORRISVILLE STATE,0,19,5,74.6,81,0,41.6,2016-2017,5,-3,13,-2,41,15,4,1,2017
18,2,7,0,0.389,-0.04907,7,-4,5,-3,77,2017-03-04,4,23,3,0.475,-0.01587,61,8,29,3,0.545,-0.1821,22,11,12,4,0,3,19,14,16,7,0.438,11,8,20,0.491,53,26,0.727,11,8,5,20,56.4,67,34.0,67,5,13,25,SWARTHMORE,0,12,-8,74.7,77,0,41.7,2016-2017,5,0,11,-2,42,17,5,1,2017
33,23,9,6,0.273,-0.0271,10,2,5,4,64,2017-03-10,10,24,-8,0.371,0.01807,62,11,23,5,0.391,-0.438,23,-12,9,-20,1,3,14,3,10,3,0.3,8,1,32,0.353,51,18,0.829,35,29,11,19,56.8,68,34.3,68,3,12,43,KEENE STATE COLLEGE,0,22,3,74.4,64,0,41.5,2016-2017,6,3,9,-3,38,-5,4,0,2017
22,7,8,4,0.364,0.0969,18,9,2,1,69,2017-11-15,15,29,8,0.481,0.052,52,-11,25,-2,0.733,0.271,15,2,11,5,0,11,8,-4,15,4,0.267,9,1,21,0.429,63,27,0.462,13,6,12,20,64.0,64,33.0,64,6,12,33,RANDOLPH-MACON,0,14,-6,69.0,69,0,37.0,2017-2018,5,-1,17,5,37,4,2,1,2017
23,13,10,7,0.435,0.135,16,5,3,0,80,2017-11-18,18,28,1,0.483,-0.000977,58,-6,28,-3,0.583,-0.1821,24,7,14,1,1,11,8,0,10,3,0.3,11,3,27,0.484,64,31,0.765,17,13,8,23,71.0,78,34.0,78,9,19,35,CATHOLIC,0,18,-5,74.5,80,0,36.5,2017-2018,9,0,17,-2,36,1,5,1,2017
17,-6,4,-1,0.235,0.01794,15,8,1,1,82,2017-11-19,19,38,19,0.545,0.207,55,-10,30,8,0.643,0.01807,28,4,18,3,1,11,13,2,23,5,0.217,7,0,19,0.338,65,22,0.625,24,15,11,25,68.7,64,32.7,64,10,10,30,WILMINGTON (OHIO),0,23,-2,77.0,82,0,41.3,2017-2018,2,-8,20,10,51,21,6,1,2017
21,2,4,-2,0.19,-0.126,7,-5,4,-1,54,2017-11-26,26,32,7,0.352,-0.074,54,-7,19,-7,0.8,0.255,15,4,12,6,1,11,11,4,19,6,0.316,12,5,25,0.426,61,26,0.545,11,6,7,19,67.5,64,32.5,64,13,18,32,DICKINSON,0,13,-6,71.2,54,0,41.8,2017-2018,11,-2,26,8,43,11,6,0,2017
18,-2,8,3,0.444,0.1941,18,12,9,5,71,2017-11-29,29,25,12,0.543,0.185,46,-21,25,1,0.684,-0.0381,19,1,13,0,1,11,10,-10,20,5,0.25,6,4,13,0.358,67,24,0.722,18,13,20,21,67.2,66,32.6,66,18,15,33,SALISBURY,0,13,-8,71.2,71,0,40.4,2017-2018,5,-13,23,8,35,2,2,1,2017
24,4,10,3,0.417,0.0669,10,-3,2,-10,81,2017-12-02,2,34,1,0.395,-0.03687,76,2,30,-2,0.55,0.004883,20,-2,11,-1,1,12,17,3,20,7,0.35,13,12,33,0.432,74,32,0.545,22,12,14,18,69.8,83,35.0,83,9,14,47,FROSTBURG STATE UNIVERSITY,1,16,-2,72.8,81,0,42.2,2017-2018,4,-5,18,4,51,4,5,0,2017
19,10,8,6,0.421,0.1989,10,1,3,-4,76,2017-12-06,6,28,8,0.508,0.1008,61,7,31,9,0.667,0.0,9,0,6,0,0,12,11,6,9,2,0.222,9,7,20,0.407,54,22,0.667,9,6,5,14,67.3,52,33.6,52,5,16,25,ST. MARY'S (MD.),0,11,-3,73.3,76,0,41.7,2017-2018,8,3,13,-3,39,14,2,1,2017
28,6,12,4,0.429,0.06494,15,0,10,7,83,2017-12-10,10,35,13,0.441,0.11694,59,-12,26,3,0.704,-0.009766,27,6,19,4,1,12,15,0,22,8,0.364,15,3,22,0.324,71,23,0.714,21,15,15,21,67.5,69,34.0,69,10,13,37,WESLEY,0,17,-4,74.5,83,0,42.8,2017-2018,5,-5,20,7,50,13,6,1,2017
15,2,3,-1,0.2,-0.10815,10,2,1,0,71,2017-12-18,18,29,4,0.413,-0.04688,63,0,26,-3,0.842,0.442,19,4,16,10,0,12,14,2,13,4,0.308,8,1,25,0.46,63,29,0.4,15,6,12,17,67.6,68,34.3,68,7,11,37,VIRGINIA WESLEYAN UNIVERSITY,0,13,-4,74.1,71,0,42.8,2017-2018,6,-1,12,1,43,6,0,1,2017
22,2,9,3,0.409,0.1089,17,5,7,1,74,2017-12-29,29,27,-1,0.443,0.04004,61,-1,27,2,0.579,-0.103,19,-3,11,-4,1,12,12,-1,20,6,0.3,12,6,28,0.403,62,25,0.682,22,15,13,20,67.9,71,35.0,71,9,15,41,SHENANDOAH UNIVERSITY,0,17,-3,74.1,74,0,42.4,2017-2018,5,-4,16,1,39,-2,4,1,2017
18,-5,6,0,0.333,0.072,11,0,6,-2,54,2017-12-30,30,34,7,0.392,0.084,51,-1,20,4,0.571,0.02588,14,3,8,2,1,12,8,4,23,6,0.261,11,8,27,0.308,52,16,0.545,11,6,4,15,65.7,44,34.6,44,6,14,31,JOHNS HOPKINS,0,10,-5,72.3,54,0,42.4,2017-2018,4,-2,17,3,42,11,5,1,2017
29,11,7,3,0.241,0.01892,13,1,8,0,73,2018-01-03,3,31,0,0.417,0.073,72,11,30,9,0.6,0.01416,10,-19,6,-11,1,1,15,-1,18,4,0.222,12,8,31,0.344,61,21,0.586,29,17,16,15,65.5,63,35.7,63,7,16,47,PENN STATE HARRISBURG,0,22,7,72.3,73,0,42.7,2017-2018,8,1,12,-4,46,-1,2,1,2018
16,2,7,2,0.438,0.08105,13,4,3,-3,58,2018-01-06,6,25,7,0.458,0.06104,48,-10,22,-1,0.538,0.00928,13,-4,7,-2,0,1,9,-5,14,5,0.357,9,6,18,0.397,58,23,0.529,17,9,14,13,65.1,60,35.4,60,12,13,32,MARYMOUNT (VA.),0,20,7,71.2,58,0,42.0,2017-2018,9,-3,20,7,34,2,5,0,2018
27,12,12,8,0.444,0.177,21,11,5,2,83,2018-01-10,10,29,6,0.478,0.1389,69,7,33,12,0.417,-0.1831,12,-8,5,-7,0,1,8,-3,15,4,0.267,10,3,23,0.339,62,21,0.6,20,12,11,14,64.6,58,35.3,58,4,15,34,SOUTHERN VIRGINIA UNIVERSITY,0,16,2,72.1,83,0,41.6,2017-2018,11,7,8,-7,37,3,2,1,2018
25,2,8,-1,0.32,-0.07104,17,5,2,0,69,2018-01-13,13,24,-6,0.403,-0.1399,67,21,27,2,0.778,0.00879,9,-17,7,-13,0,1,11,8,23,9,0.391,12,2,30,0.543,46,25,0.769,26,20,3,13,65.5,79,35.1,79,4,18,33,YORK (PA.),0,22,9,71.9,69,0,41.2,2017-2018,9,5,12,-6,35,2,5,0,2018
26,5,10,2,0.385,0.003906,20,11,6,0,76,2018-01-17,17,40,14,0.492,0.19,61,-2,30,11,0.429,-0.238,14,-10,6,-10,1,1,11,3,21,8,0.381,9,6,26,0.302,63,19,0.667,24,16,8,17,65.3,62,35.1,62,9,6,34,MARY WASHINGTON,0,18,1,72.1,76,0,41.8,2017-2018,4,-5,16,10,51,17,2,1,2018
24,11,9,4,0.375,-0.01001,20,8,2,-4,85,2018-01-20,20,25,-1,0.441,-0.05103,68,9,30,1,0.889,-0.00586,18,-1,16,-1,0,1,14,8,13,5,0.385,12,6,26,0.492,59,29,0.895,19,17,6,19,66.2,80,34.9,80,8,11,32,FROSTBURG STATE UNIVERSITY,0,17,-2,72.9,85,0,41.6,2017-2018,3,-5,12,1,39,7,5,1,2018
26,16,9,5,0.346,-0.05396,18,9,3,1,64,2018-01-24,24,22,-3,0.426,0.0349,54,8,23,5,0.9,0.2329,10,-5,9,-1,1,1,7,-1,10,4,0.4,9,2,25,0.391,46,18,0.667,15,10,8,14,65.3,50,34.8,50,4,17,33,ST. MARY'S (MD.),0,13,-1,72.4,64,0,40.9,2017-2018,7,3,10,-7,29,-4,2,1,2018
33,14,13,9,0.394,0.183,21,14,5,4,68,2018-01-27,27,32,7,0.446,0.1912,56,1,25,11,0.357,-0.4849,14,-5,5,-11,0,1,12,1,19,4,0.211,7,1,25,0.255,55,14,0.842,19,16,11,18,64.4,48,34.8,48,5,13,36,WESLEY,0,19,1,72.2,68,0,41.1,2017-2018,4,-1,15,2,44,8,5,1,2018
21,2,11,6,0.524,0.261,16,10,5,0,72,2018-01-31,31,32,11,0.435,0.1492,46,-17,20,2,0.656,0.104,32,3,21,5,0,1,11,-10,19,5,0.263,6,5,21,0.286,63,18,0.552,29,16,21,25,64.0,57,35.2,57,6,7,42,SALISBURY,0,24,-1,72.2,72,0,41.2,2017-2018,3,-3,12,5,43,1,2,1,2018
20,8,5,0,0.25,-0.167,14,1,5,3,66,2018-02-03,3,20,-4,0.434,-0.04688,53,-1,23,-3,0.789,0.00293,19,5,15,4,1,2,9,-1,12,5,0.417,13,2,24,0.481,54,26,0.786,14,11,10,18,64.2,68,35.1,68,2,11,34,MARYMOUNT (VA.),0,13,-5,71.9,66,0,40.6,2017-2018,4,2,8,-3,29,-5,5,0,2018
28,21,12,12,0.429,0.429,16,4,6,3,76,2018-02-07,7,31,5,0.397,-0.01196,58,-8,23,-4,0.692,0.1919,26,10,18,10,1,2,12,0,7,0,0.0,12,3,26,0.409,66,27,0.5,16,8,12,21,64.1,62,35.3,62,8,13,38,SOUTHERN VIRGINIA UNIVERSITY,0,16,-5,72.0,76,0,40.7,2017-2018,7,-1,15,2,43,5,2,1,2018
24,8,8,4,0.333,0.083,7,3,3,0,69,2018-02-10,10,31,6,0.471,0.178,51,-7,24,7,0.5,-0.1821,26,4,13,-2,0,2,10,-3,16,4,0.25,4,3,25,0.293,58,17,0.682,22,15,13,22,63.6,53,35.4,53,6,13,38,PENN STATE HARRISBURG,0,20,-2,71.9,69,0,40.7,2017-2018,6,0,16,3,41,3,5,1,2018
31,14,12,7,0.387,0.093,12,-1,5,1,75,2018-02-14,14,34,5,0.45,0.03003,60,-9,27,-2,0.643,0.10986,14,-1,9,1,0,2,9,-2,17,5,0.294,13,4,29,0.42,69,29,0.533,15,8,11,12,63.9,71,35.6,71,11,11,40,MARY WASHINGTON,0,16,4,72.0,75,0,40.8,2017-2018,5,-6,16,5,43,3,2,1,2018
23,-1,8,3,0.348,0.1399,9,-4,5,3,81,2018-02-17,17,32,6,0.448,0.05493,58,-3,26,2,0.778,0.1348,27,-1,21,3,1,2,10,0,24,5,0.208,13,2,26,0.393,61,24,0.643,28,18,10,25,64.2,71,35.6,71,9,15,36,YORK (PA.),0,25,0,72.4,81,0,40.9,2017-2018,8,-1,16,1,42,6,5,1,2018
21,5,9,3,0.429,0.05396,16,4,4,0,90,2018-02-22,22,32,16,0.571,0.1528,49,-18,28,0,0.893,0.1431,28,12,25,13,1,2,6,-3,16,6,0.375,12,4,16,0.418,67,28,0.75,16,12,9,23,64.6,74,35.2,74,9,8,25,MARY WASHINGTON,0,15,-8,73.1,90,0,40.8,2017-2018,4,-5,18,10,38,13,3,1,2018
25,12,9,3,0.36,-0.1018,9,-5,4,2,73,2018-02-24,24,23,-2,0.433,-0.1328,60,7,26,-4,0.667,-0.06006,18,-4,12,-4,1,2,10,5,13,6,0.462,14,2,25,0.566,53,30,0.727,22,16,5,14,65.2,82,35.0,82,6,13,30,YORK (PA.),0,21,7,73.1,73,0,40.5,2017-2018,6,0,13,0,33,3,5,0,2018
29,21,11,7,0.379,-0.1211,17,7,8,5,68,2018-03-02,2,29,5,0.463,0.094,54,-11,25,1,0.7,0.01611,10,-9,7,-6,1,3,8,-8,8,4,0.5,10,3,24,0.369,65,24,0.684,19,13,16,16,65.2,65,35.2,65,12,11,40,LANCASTER BIBLE,0,18,2,72.9,68,0,40.4,2017-2018,6,-6,16,5,37,-3,4,1,2018
21,3,6,0,0.286,-0.04712,9,-5,8,2,52,2018-03-03,3,26,4,0.4,0.0808,45,-24,18,-4,0.667,-0.2222,15,-3,10,-6,1,3,6,-17,18,6,0.333,14,6,22,0.319,69,22,0.889,18,16,23,17,65.2,66,35.5,66,11,10,45,FRANKLIN & MARSHALL,0,17,0,72.2,52,0,40.1,2017-2018,3,-8,20,10,32,-13,5,0,2018
40,33,13,13,0.325,0.325,19,15,3,0,67,2018-11-17,17,24,0,0.39,0.1128,59,12,23,10,0.533,-0.2998,15,-15,8,-17,1,11,16,5,7,0,0.0,4,3,24,0.277,47,13,0.833,30,25,11,12,51.0,51,35.0,51,6,19,35,TRINITY (TX),0,27,15,67.0,67,0,40.0,2018-2019,9,3,18,-1,40,5,5,1,2018
18,-1,4,0,0.222,0.01099,7,-1,1,-3,66,2018-11-18,18,31,2,0.41,0.06494,61,3,25,5,0.571,0.02588,21,-1,12,0,0,11,14,4,19,4,0.211,8,4,29,0.345,58,20,0.545,22,12,10,20,53.5,56,37.0,56,7,17,39,MARYMOUNT (VA.),0,20,0,66.5,66,0,42.5,2018-2019,4,-3,15,-2,45,6,6,1,2018
28,13,7,4,0.25,0.05005,13,1,7,3,73,2018-11-24,24,33,6,0.407,0.084,59,-3,24,4,0.9,0.1377,20,-1,18,2,1,11,9,-5,15,3,0.2,12,4,27,0.323,62,20,0.762,21,16,14,19,55.3,59,38.3,59,6,15,41,METHODIST,0,17,-2,68.7,73,0,42.3,2018-2019,7,1,12,-3,42,1,5,1,2018
28,2,11,2,0.393,0.04712,23,15,5,-4,109,2018-11-25,25,31,8,0.464,0.1311,84,21,39,18,0.833,0.01807,24,-3,20,-2,1,11,23,10,26,9,0.346,8,9,23,0.333,63,21,0.815,27,22,13,24,59.8,73,37.8,73,6,21,36,JOHN CARROLL,0,26,2,78.8,109,0,45.2,2018-2019,7,1,12,-9,54,18,6,1,2018
26,4,9,2,0.346,0.02783,16,9,6,3,91,2018-11-28,28,42,12,0.485,0.124,66,-6,32,6,0.581,0.10596,31,-9,18,-1,0,11,12,-3,22,7,0.318,7,3,30,0.361,72,26,0.475,40,19,15,24,63.4,78,39.2,78,14,10,45,SHENANDOAH UNIVERSITY,0,26,2,81.2,91,0,47.0,2018-2019,2,-12,20,10,54,9,2,1,2018
28,15,11,7,0.393,0.08496,12,6,2,-1,82,2018-12-01,1,35,13,0.467,0.1621,60,1,28,10,0.833,0.2178,18,5,15,7,1,12,10,2,13,4,0.308,6,3,22,0.305,59,18,0.615,13,8,8,16,60.8,48,37.7,48,5,9,30,RANDOLPH,0,13,-3,81.3,82,0,46.7,2018-2019,4,-1,10,1,45,15,5,1,2018
30,13,8,1,0.267,-0.145,10,4,1,-2,64,2018-12-02,2,27,-11,0.373,-0.0659,59,2,22,-3,0.571,-0.2622,21,-3,12,-8,0,12,5,-1,17,7,0.412,6,3,38,0.439,57,25,0.833,24,20,6,22,63.1,77,38.6,77,7,9,44,LYNCHBURG UNIVERSITY,0,19,-3,78.9,64,0,44.6,2018-2019,2,-5,12,3,32,-12,6,0,2018
26,13,9,5,0.346,0.03784,12,5,6,3,72,2018-12-08,8,26,5,0.424,0.02002,59,2,25,2,0.722,-0.01074,18,3,13,2,1,12,16,6,13,4,0.308,7,3,21,0.404,57,23,0.733,15,11,10,17,62.9,61,37.6,61,4,6,31,RANDOLPH-MACON,0,14,-3,78.0,72,0,44.2,2018-2019,3,-1,8,2,42,11,5,1,2018
25,11,12,8,0.48,0.1941,19,12,2,-8,97,2018-12-16,16,30,12,0.5,0.11694,70,10,35,12,0.75,0.0698,20,-5,15,-2,1,12,20,7,14,4,0.286,7,10,18,0.383,60,23,0.68,25,17,13,19,63.3,67,36.9,67,6,12,31,VIRGINIA WESLEYAN UNIVERSITY,0,19,0,80.1,97,0,44.9,2018-2019,5,-1,12,0,50,19,6,1,2018
43,28,15,13,0.349,0.2161,17,11,3,0,80,2018-12-28,28,38,14,0.433,0.165,67,11,29,14,0.7,0.0752,10,-14,7,-8,1,12,16,7,15,2,0.133,6,3,24,0.268,56,15,0.625,24,15,9,16,61.7,47,36.5,47,6,14,33,MT. ST. MARY (NY),0,22,6,80.1,80,0,45.8,2018-2019,6,0,16,2,54,21,4,1,2018
28,19,10,7,0.357,0.02393,17,9,9,8,79,2018-12-29,29,30,9,0.407,0.10986,54,-10,22,3,0.806,0.1953,31,13,25,14,1,12,16,-3,9,3,0.333,8,1,21,0.297,64,19,0.611,18,11,19,24,60.8,52,36.8,52,12,19,40,HUNTINGDON,0,18,-6,80.0,79,0,45.8,2018-2019,8,-4,19,0,46,6,5,1,2018
22,2,5,-4,0.227,-0.2229,7,0,4,2,73,2019-01-02,2,18,-2,0.392,-0.0679,51,1,20,-3,0.778,-0.1113,36,18,28,12,1,1,16,6,20,9,0.45,7,2,20,0.46,50,23,0.889,18,16,10,28,61.7,71,36.2,71,4,14,30,YORK (PA.),0,19,-9,79.4,73,0,44.8,2018-2019,9,5,10,-4,34,4,2,1,2019
25,8,10,2,0.4,-0.07104,12,0,2,-3,61,2019-01-05,5,29,0,0.392,0.00903,51,-9,20,-3,0.647,-0.2349,17,0,11,-4,0,1,5,-4,17,8,0.471,12,5,29,0.383,60,23,0.882,17,15,9,15,62.2,69,36.4,69,7,11,38,MARY WASHINGTON,0,17,2,78.0,61,0,44.0,2018-2019,3,-4,14,3,34,-4,5,0,2019
26,15,11,8,0.423,0.1501,19,11,11,7,79,2019-01-09,9,40,18,0.5,0.254,54,-7,27,12,0.737,0.05762,19,-9,14,-5,1,1,6,-7,11,3,0.273,8,4,22,0.246,61,15,0.679,28,19,13,21,61.5,52,36.3,52,11,15,35,ST. MARY'S (MD.),0,20,-1,78.1,79,0,44.1,2018-2019,6,-5,18,3,46,11,2,1,2019
21,0,7,2,0.333,0.095,12,-4,1,-4,75,2019-01-12,12,29,8,0.441,0.02588,59,-6,26,-1,0.727,0.06006,22,13,16,10,0,1,16,6,21,5,0.238,16,5,21,0.415,65,27,0.667,9,6,10,19,61.7,65,35.9,65,7,8,31,FROSTBURG STATE UNIVERSITY,0,12,-7,77.9,75,0,44.2,2018-2019,2,-5,13,5,45,14,5,1,2019
30,17,10,7,0.333,0.10205,19,4,5,-3,77,2019-01-16,16,20,-4,0.448,0.04102,67,13,30,8,0.778,0.07764,9,-1,7,0,0,1,12,5,13,3,0.231,15,8,24,0.407,54,22,0.7,10,7,7,16,61.2,54,35.6,54,3,12,31,SOUTHERN VIRGINIA UNIVERSITY,0,11,-5,77.8,77,0,43.4,2018-2019,6,3,7,-5,32,1,2,1,2019
35,23,13,10,0.371,0.1211,24,12,4,2,89,2019-01-19,19,23,0,0.478,0.0781,69,14,33,11,0.714,0.04688,14,-7,10,-4,1,1,17,3,12,3,0.25,12,2,23,0.4,55,22,0.667,21,14,14,15,61.2,61,35.7,61,4,15,37,PENN STATE HARRISBURG,0,21,6,78.5,89,0,43.2,2018-2019,7,3,11,-4,40,3,5,1,2019
25,8,9,5,0.36,0.1251,14,11,6,-1,67,2019-01-23,23,33,-4,0.387,-0.02612,62,-1,24,-2,0.455,-0.3447,22,12,10,2,1,1,9,3,17,4,0.235,3,7,37,0.413,63,26,0.8,10,8,6,21,61.4,64,36.1,64,3,12,43,SALISBURY,0,11,-10,77.8,67,0,43.2,2018-2019,8,5,8,-4,42,-1,2,1,2019
22,0,10,4,0.455,0.1821,13,6,1,-1,81,2019-01-26,26,25,0,0.5,0.0559,54,0,27,3,0.607,-0.1929,28,-7,17,-11,0,1,10,2,22,6,0.273,7,2,25,0.444,54,24,0.8,35,28,8,21,62.5,82,35.9,82,10,14,33,YORK (PA.),0,26,5,78.0,81,0,42.7,2018-2019,6,-4,16,2,35,2,5,0,2019
28,14,12,7,0.429,0.072,15,3,1,-3,79,2019-01-30,30,18,-10,0.438,-0.062,64,6,28,-1,0.846,0.1621,13,-6,11,-2,0,1,10,-1,14,5,0.357,12,4,28,0.5,58,29,0.684,19,13,11,19,63.2,76,36.1,76,4,13,39,ST. MARY'S (MD.),0,15,-4,78.1,79,0,42.0,2018-2019,3,-1,8,-5,28,-11,2,1,2019
27,1,12,4,0.444,0.136,24,13,4,4,80,2019-02-02,2,34,15,0.569,0.2148,51,-14,29,6,0.769,0.1982,13,-8,10,-2,1,2,6,-6,26,8,0.308,11,0,19,0.354,65,23,0.571,21,12,12,18,63.3,66,35.9,66,13,11,31,MARY WASHINGTON,0,19,1,78.1,80,0,41.9,2018-2019,6,-7,20,9,40,9,5,1,2019
28,8,8,-1,0.286,-0.1641,12,-1,1,-12,67,2019-02-06,6,29,-7,0.278,-0.146,72,13,20,-5,0.704,0.148,27,18,19,14,1,2,21,14,20,9,0.45,13,13,36,0.424,59,25,0.556,9,5,7,20,63.3,64,36.2,64,2,14,43,SOUTHERN VIRGINIA UNIVERSITY,0,13,-7,77.6,67,0,42.3,2018-2019,6,4,7,-7,50,7,2,1,2019
25,16,9,7,0.36,0.1381,12,5,4,-5,72,2019-02-09,9,28,4,0.382,-0.03296,55,2,21,-1,0.875,0.1831,24,-2,21,3,1,2,11,5,9,2,0.222,7,9,24,0.415,53,22,0.692,26,18,6,21,63.3,64,35.9,64,2,8,30,FROSTBURG STATE UNIVERSITY,0,18,-3,77.4,72,0,42.1,2018-2019,2,0,12,4,39,9,5,1,2019
28,10,15,8,0.536,0.1472,15,7,3,-1,91,2019-02-13,13,32,14,0.544,0.08496,57,-4,31,3,0.824,0.1772,17,0,14,3,0,2,10,5,18,7,0.389,8,4,18,0.459,61,28,0.647,17,11,5,17,63.8,74,35.4,74,8,8,23,SALISBURY,0,14,-3,78.0,91,0,42.1,2018-2019,4,-4,19,11,42,19,2,1,2019
31,18,14,10,0.452,0.1438,17,10,3,-1,96,2019-02-16,16,36,14,0.557,0.2351,61,2,34,15,0.824,0.1992,17,1,14,4,0,2,6,-2,13,4,0.308,7,4,22,0.322,59,19,0.625,16,10,8,15,63.3,52,35.2,52,5,9,30,PENN STATE HARRISBURG,0,12,-3,78.7,96,0,42.1,2018-2019,5,0,9,0,42,12,5,1,2019
36,20,18,14,0.5,0.25,26,16,2,-2,89,2019-02-19,19,24,-3,0.47,0.02808,66,14,31,8,0.75,0.0,12,0,9,0,1,2,10,5,16,4,0.25,10,4,27,0.442,52,23,0.75,12,9,5,16,63.2,59,35.0,59,6,18,32,SOUTHERN VIRGINIA UNIVERSITY,0,12,-4,79.1,89,0,41.8,2018-2019,9,3,8,-10,34,2,1,1,2019
21,-1,9,2,0.429,0.11084,16,9,2,-2,87,2019-02-21,21,25,8,0.556,0.1353,45,-12,25,1,0.7,-0.062,40,19,28,12,1,2,8,-3,22,7,0.318,7,4,17,0.421,57,24,0.762,21,16,11,31,63.4,71,34.8,71,7,12,28,SALISBURY,0,22,-9,79.4,87,0,41.5,2018-2019,5,-2,12,0,33,5,3,1,2019
26,-8,8,1,0.308,0.10205,10,-1,3,-1,78,2019-02-23,23,38,11,0.474,0.135,57,-2,27,7,0.64,-0.00293,25,11,16,7,1,2,9,3,34,7,0.206,11,4,27,0.339,59,20,0.643,14,9,6,21,63.2,56,34.7,56,8,12,33,YORK (PA.),0,17,-4,79.3,78,0,41.7,2018-2019,6,-2,14,2,47,14,5,1,2019
23,6,8,4,0.348,0.1129,18,13,3,-5,85,2019-03-01,1,28,3,0.435,0.08496,62,2,27,6,0.793,-0.02002,29,13,23,10,1,3,14,1,17,4,0.235,5,8,25,0.35,60,21,0.813,16,13,13,26,63.0,59,34.8,59,5,18,38,ALBERTUS MAGNUS,0,14,-12,79.5,85,0,41.7,2018-2019,9,4,11,-7,42,4,4,1,2019
34,13,16,11,0.471,0.2329,20,15,5,2,88,2019-03-02,2,37,12,0.47,0.126,66,2,31,9,0.833,-0.167,12,8,10,6,1,3,12,7,21,5,0.238,5,3,25,0.344,64,22,1.0,4,4,5,15,62.7,53,34.7,53,6,11,30,ALFRED,0,12,-3,79.8,88,0,41.9,2018-2019,5,-1,11,0,49,19,5,1,2019
14,-14,5,-4,0.357,0.0359,8,-6,1,-8,75,2019-03-08,8,38,11,0.394,0.00806,66,-4,26,-1,0.72,0.1494,25,18,18,14,0,3,16,8,28,9,0.321,14,9,27,0.386,70,27,0.571,7,4,8,19,62.8,67,34.7,67,3,8,35,HAMILTON,0,13,-6,79.6,75,0,42.3,2018-2019,3,0,13,5,54,19,4,1,2019
22,-1,7,-1,0.318,-0.02979,12,0,2,-1,79,2019-03-09,9,20,-3,0.481,0.00903,54,1,26,1,0.769,-0.03076,26,11,20,8,1,3,7,-3,23,8,0.348,12,3,23,0.472,53,25,0.8,15,12,10,25,63.1,70,34.6,70,7,17,33,WILLIAMS,0,16,-9,79.6,79,0,41.8,2018-2019,7,0,11,-6,27,-6,5,1,2019
25,10,6,0,0.24,-0.1599,10,1,0,-9,63,2019-03-15,15,30,-5,0.323,-0.168,65,8,21,-7,0.714,0.2139,21,5,15,7,1,3,12,8,15,6,0.4,9,9,35,0.491,57,28,0.5,16,8,4,17,63.3,70,34.8,70,2,13,39,SWARTHMORE,0,21,4,79.1,63,0,41.8,2018-2019,6,4,10,-3,42,3,4,0,2019
25,5,10,3,0.4,0.0498,11,1,0,-1,74,2019-11-09,9,28,3,0.462,0.05103,52,-4,24,1,0.667,-0.166,24,-6,16,-9,0,11,5,-3,20,7,0.35,10,1,25,0.411,56,23,0.833,30,25,8,21,78.0,78,33.0,78,7,11,33,JOHNS HOPKINS,0,25,4,74.0,74,0,33.0,2019-2020,5,-2,15,4,33,0,5,0,2019
32,10,10,4,0.313,0.04004,20,11,6,0,85,2019-11-12,12,38,11,0.41,0.0908,83,11,34,11,0.778,0.11084,9,-6,7,-3,1,11,22,8,22,6,0.273,9,6,27,0.319,72,23,0.667,15,10,14,17,70.0,62,37.0,62,8,14,41,SHENANDOAH UNIVERSITY,0,18,1,79.5,85,0,46.5,2019-2020,6,-2,17,3,60,19,1,1,2019
25,14,8,6,0.32,0.1381,19,13,2,-1,87,2019-11-15,15,34,11,0.455,0.09814,66,10,30,10,0.76,0.02295,25,6,19,5,1,11,13,9,11,2,0.182,6,3,23,0.357,56,20,0.737,19,14,4,20,65.3,56,33.7,56,8,20,27,MARYWOOD UNIVERSITY,0,16,-4,82.0,87,0,46.7,2019-2020,12,4,13,-7,47,20,4,1,2019
17,4,9,7,0.529,0.3748,17,12,1,0,74,2019-11-16,16,25,10,0.549,0.0847,51,-5,28,2,0.692,-0.01416,13,-4,9,-3,0,11,10,3,13,2,0.154,5,1,15,0.464,56,26,0.706,17,12,7,13,65.5,66,30.8,66,11,17,22,FRANKLIN & MARSHALL,0,15,2,80.0,74,0,43.8,2019-2020,11,0,23,6,35,13,5,1,2019
32,17,10,5,0.313,-0.02002,15,5,8,0,66,2019-11-22,22,36,5,0.325,-0.00806,80,11,26,3,0.8,0.02197,5,-4,4,-3,1,11,23,11,15,5,0.333,10,8,31,0.333,69,23,0.778,9,7,12,9,64.0,58,33.2,58,9,14,43,RANDOLPH,0,11,2,77.2,66,0,46.8,2019-2020,8,-1,16,2,59,16,4,1,2019
26,-5,7,-3,0.269,-0.05396,15,4,3,-1,79,2019-11-23,23,30,3,0.388,-0.006104,67,-4,26,-2,0.769,0.08105,26,10,20,9,1,11,18,1,31,10,0.323,11,4,27,0.394,71,28,0.688,16,11,17,21,66.2,77,35.0,77,9,10,44,LYNCHBURG UNIVERSITY,0,13,-8,77.5,79,0,47.0,2019-2020,3,-6,10,0,48,4,5,1,2019
28,12,16,13,0.571,0.3828,27,13,4,0,90,2019-11-30,30,31,10,0.542,0.155,59,-3,32,8,0.769,0.1221,13,-4,10,-1,1,11,8,0,16,3,0.188,14,4,21,0.387,62,24,0.647,17,11,8,20,65.6,62,34.1,62,13,12,29,UT DALLAS,0,19,-1,79.3,90,0,45.9,2019-2020,6,-7,17,5,39,10,5,1,2019
22,3,8,4,0.364,0.153,12,3,7,5,58,2019-12-01,1,23,1,0.412,-0.004883,51,-9,21,-4,0.667,-0.208,12,4,8,1,1,12,12,-1,19,4,0.211,9,2,22,0.417,60,25,0.875,8,7,13,19,65.0,61,34.2,61,9,14,35,WISC.-STEVENS POINT,0,14,-5,76.6,58,0,44.5,2019-2020,6,-3,19,5,35,0,6,0,2019
21,-1,6,1,0.286,0.05884,20,15,7,2,83,2019-12-04,4,33,8,0.429,0.1431,70,14,30,14,0.586,-0.03613,29,-8,17,-6,1,12,22,7,22,5,0.227,5,5,25,0.286,56,16,0.622,37,23,15,22,64.4,60,34.9,60,10,20,40,WILLIAM PEACE,0,24,2,77.3,83,0,45.7,2019-2020,8,-2,17,-3,55,15,2,1,2019
15,0,4,0,0.267,0.0,13,-2,3,-2,62,2019-12-07,7,24,1,0.4,-0.125,55,-6,22,-10,0.7,0.01221,20,4,14,3,0,12,13,4,15,4,0.267,15,5,23,0.525,61,32,0.688,16,11,9,20,65.9,79,34.6,79,9,7,32,RANDOLPH-MACON,0,13,-7,75.8,62,0,44.8,2019-2020,6,-3,18,11,37,5,5,0,2019
10,-2,3,-2,0.3,-0.11694,5,-5,0,-6,64,2019-12-15,15,23,-6,0.388,-0.12085,67,12,26,-2,0.6,0.00928,15,-7,9,-4,0,12,15,5,12,5,0.417,10,6,29,0.509,55,28,0.591,22,13,10,18,66.6,74,35.0,74,7,16,39,VIRGINIA WESLEYAN UNIVERSITY,0,19,1,74.7,64,0,44.2,2019-2020,11,4,11,-5,38,-1,6,0,2019
25,9,6,2,0.24,-0.01001,25,17,8,0,96,2019-12-28,28,39,12,0.449,0.1589,78,16,35,17,0.69,0.02295,29,11,20,8,1,12,20,11,16,4,0.25,8,8,27,0.29,62,18,0.667,18,12,9,24,65.4,52,35.1,52,5,19,36,BETHANY,0,17,-7,76.5,96,0,45.4,2019-2020,12,7,9,-10,59,23,5,1,2019
41,21,16,10,0.39,0.08984,28,19,8,7,97,2019-12-29,29,36,9,0.486,0.186,70,0,34,13,0.542,-0.1719,24,-18,13,-17,1,12,14,-5,20,6,0.3,9,1,27,0.3,70,21,0.714,42,30,19,22,66.4,78,35.9,78,13,17,46,WESLEY,0,28,6,78.1,97,0,45.8,2019-2020,5,-8,20,3,50,4,6,1,2019
26,13,12,9,0.462,0.231,22,13,1,0,89,2020-01-02,2,33,7,0.516,0.165,64,7,33,13,0.611,0.02783,18,-6,11,-3,0,1,10,2,13,3,0.231,9,1,26,0.351,57,20,0.583,24,14,8,14,65.7,57,35.8,57,5,13,34,WASHINGTON COLLEGE,0,23,9,78.9,89,0,45.6,2019-2020,7,2,12,-1,43,9,3,1,2020
24,6,10,4,0.417,0.084,19,6,7,5,92,2020-01-04,4,30,4,0.531,0.0818,64,-5,34,3,0.609,-0.1133,23,5,14,1,0,1,11,0,18,6,0.333,13,2,26,0.449,69,31,0.722,18,13,11,21,66.7,81,35.9,81,2,11,37,WIDENER,0,17,-4,79.7,92,0,45.3,2019-2020,1,-1,13,2,41,4,5,1,2020
23,2,7,0,0.304,-0.02905,15,5,4,1,79,2020-01-10,10,35,7,0.484,0.0928,62,-7,30,3,0.6,0.2322,20,1,12,5,1,1,9,-6,21,7,0.333,10,3,28,0.391,69,27,0.368,19,7,15,19,66.8,68,36.3,68,12,17,43,YORK (PA.),0,23,4,79.7,79,0,45.2,2019-2020,7,-5,19,2,44,1,4,1,2020
31,6,10,2,0.323,0.00293,22,9,0,-2,83,2020-01-15,15,33,6,0.446,0.095,65,8,29,9,0.625,-0.01123,24,13,15,8,0,1,12,6,25,8,0.32,13,2,27,0.351,57,20,0.636,11,7,6,23,66.1,55,36.1,55,8,18,33,SOUTHERN VIRGINIA UNIVERSITY,0,14,-9,79.9,83,0,45.2,2019-2020,10,2,15,-3,45,12,2,1,2020
30,15,14,8,0.467,0.06714,22,17,3,-3,97,2020-01-18,18,31,9,0.477,0.001953,65,6,31,3,0.913,0.1802,23,-7,21,-1,0,1,14,6,15,6,0.4,5,6,22,0.475,59,28,0.733,30,22,8,21,67.1,84,35.8,84,8,13,30,MARY WASHINGTON,0,22,1,80.8,97,0,45.2,2019-2020,6,-2,15,2,45,15,5,1,2020
24,11,9,7,0.375,0.221,14,8,6,4,72,2020-01-25,25,32,8,0.404,0.00708,57,-6,23,-2,0.654,-0.01318,26,8,17,5,0,1,13,2,13,2,0.154,6,2,24,0.397,63,25,0.667,18,12,11,23,66.9,64,35.7,64,7,12,35,SALISBURY,0,18,-5,80.4,72,0,45.2,2019-2020,4,-3,14,2,45,10,5,1,2020
29,22,14,12,0.483,0.197,18,10,7,4,93,2020-01-29,29,38,13,0.516,0.1572,64,0,33,10,0.722,0.2461,18,-3,13,3,1,1,11,-1,7,2,0.286,8,3,25,0.359,64,23,0.476,21,10,12,22,66.5,58,35.8,58,7,17,37,ST. MARY'S (MD.),0,19,-3,81.0,93,0,45.3,2019-2020,8,1,15,-2,49,12,2,1,2020
32,9,13,8,0.406,0.189,18,10,4,-1,81,2020-02-01,1,31,2,0.422,0.04712,64,0,27,3,0.7,0.01807,20,-2,14,-1,1,2,13,-1,23,5,0.217,8,5,29,0.375,64,24,0.682,22,15,14,18,66.6,68,36.1,68,6,11,43,MARY WASHINGTON,0,19,1,81.0,81,0,45.3,2019-2020,4,-2,9,-2,44,1,5,1,2020
25,4,13,10,0.52,0.377,20,15,8,5,93,2020-02-05,5,35,15,0.521,0.144,73,4,38,12,0.5,0.0791,8,-11,4,-4,0,2,18,2,21,3,0.143,5,3,20,0.377,69,26,0.421,19,8,16,14,66.4,63,36.1,63,9,13,36,ST. MARY'S (MD.),0,20,6,81.5,93,0,45.6,2019-2020,8,-1,12,-1,53,17,2,1,2020
40,13,16,11,0.4,0.2148,20,11,2,-1,97,2020-02-08,8,36,1,0.419,-0.005127,74,8,31,3,0.613,-0.1284,31,-23,19,-21,0,2,15,4,27,5,0.185,9,3,35,0.424,66,28,0.741,54,40,11,26,67.9,101,36.6,101,6,12,46,YORK (PA.),1,41,15,82.2,97,0,45.9,2019-2020,4,-2,19,7,51,5,5,0,2020
27,14,7,3,0.259,-0.04907,16,9,5,-1,82,2020-02-15,15,29,3,0.444,0.02002,72,13,32,7,0.5,-0.269,22,9,11,1,1,2,20,13,13,4,0.308,7,6,26,0.424,59,25,0.769,13,10,7,21,67.8,64,36.4,64,4,8,33,SALISBURY,0,13,-8,82.2,82,0,46.0,2019-2020,3,-1,6,-2,49,16,5,1,2020
28,1,10,0,0.357,-0.01318,26,17,4,2,84,2020-02-19,19,23,2,0.569,0.158,58,2,33,10,0.571,-0.1431,14,0,8,-2,1,2,9,-3,27,10,0.37,9,2,21,0.411,56,23,0.714,14,10,12,16,67.7,66,36.3,66,6,18,33,SOUTHERN VIRGINIA UNIVERSITY,0,15,-1,82.3,84,0,45.4,2019-2020,10,4,13,-5,32,-1,2,1,2020
28,7,13,7,0.464,0.1782,22,14,5,4,100,2020-02-26,26,38,20,0.567,0.294,67,1,38,20,0.786,-0.08887,14,-10,11,-10,1,2,14,2,21,6,0.286,8,1,18,0.273,66,18,0.875,24,21,12,17,67.5,63,36.0,63,13,13,30,ST. MARY'S (MD.),0,18,1,83.0,100,0,45.7,2019-2020,7,-6,18,5,52,22,2,1,2020
27,-18,9,-3,0.333,0.0659,10,-4,5,0,77,2020-02-29,29,30,3,0.439,0.04907,66,-11,29,-1,0.625,-0.1528,16,7,10,3,1,2,13,-6,45,12,0.267,14,5,27,0.39,77,30,0.778,9,7,19,16,67.9,79,36.4,79,8,10,46,YORK (PA.),0,14,-2,82.7,77,0,45.6,2019-2020,3,-5,11,1,43,-3,5,0,2020
24,-2,4,-4,0.167,-0.1411,15,4,1,-3,74,2020-03-06,6,34,6,0.397,0.02002,68,-1,27,1,0.667,0.334,24,12,16,12,1,3,15,2,26,8,0.308,11,4,28,0.377,69,26,0.333,12,4,13,20,67.8,64,36.6,64,1,13,41,COLBY,0,18,-2,82.4,74,0,45.7,2019-2020,6,5,11,-2,49,8,4,1,2020
24,-10,12,-2,0.5,0.0879,16,-1,3,-3,91,2020-03-07,7,32,9,0.432,0.00879,74,3,32,2,0.6,-0.127,25,14,15,7,1,3,23,13,34,14,0.412,17,6,23,0.423,71,30,0.727,11,8,10,22,68.3,82,36.4,82,7,11,33,NICHOLS,0,13,-9,82.7,91,0,46.0,2019-2020,8,1,14,3,55,22,5,1,2020
28,15,11,10,0.393,0.316,26,20,7,5,102,2021-11-05,5,40,15,0.527,0.2808,74,17,39,25,0.65,0.1167,20,5,13,5,1,11,15,8,13,1,0.077,6,2,25,0.246,57,14,0.533,15,8,7,16,37.0,37,32.0,37,5,24,32,WASHINGTON COLLEGE,0,15,-1,102.0,102,0,55.0,2021-2022,16,11,12,-12,55,23,4,1,2021
19,-8,7,-4,0.368,-0.03906,13,0,8,2,64,2021-11-07,7,30,0,0.391,-0.00586,64,6,25,2,0.538,0.2051,13,-2,7,2,1,11,13,2,27,11,0.407,13,6,30,0.397,58,23,0.333,15,5,11,15,49.5,62,36.5,62,6,14,41,JOHNS HOPKINS,0,12,-3,83.0,64,0,49.0,2021-2022,4,-2,10,-4,43,2,6,1,2021
23,15,8,5,0.348,-0.0271,13,5,3,2,83,2021-11-12,12,24,0,0.483,-0.00903,60,-3,29,-2,0.708,-0.1318,24,-1,17,-4,1,11,10,0,8,3,0.375,8,1,24,0.492,63,31,0.84,25,21,10,26,61.7,86,35.7,86,12,10,34,MARIETTA,0,20,-6,83.0,83,0,44.0,2021-2022,2,-10,14,4,34,0,4,0,2021
20,12,7,5,0.35,0.1001,17,7,9,8,83,2021-11-13,13,22,4,0.509,0.03174,55,-10,28,-3,0.741,0.01416,27,16,20,12,1,11,13,-1,8,2,0.25,10,1,18,0.477,65,31,0.727,11,8,14,20,64.2,72,34.8,72,6,18,32,EASTERN,0,13,-7,83.0,83,0,41.8,2021-2022,8,2,18,0,35,3,5,1,2021
19,0,6,-2,0.316,-0.105,6,-2,7,3,66,2021-11-21,21,24,-4,0.407,-0.052,59,-2,24,-4,0.571,-0.189,21,-4,12,-7,0,11,13,3,19,8,0.421,8,4,28,0.459,61,28,0.76,25,19,10,19,68.0,83,35.4,83,6,9,38,LYNCHBURG UNIVERSITY,0,19,0,79.6,66,0,40.8,2021-2022,3,-3,16,7,37,-1,6,0,2021
36,18,16,13,0.444,0.277,24,13,14,10,101,2021-11-27,27,36,14,0.514,0.1431,74,12,38,15,0.563,-0.2368,16,-4,9,-7,1,11,19,12,18,3,0.167,11,4,22,0.371,62,23,0.8,20,16,7,19,67.5,65,34.3,65,7,9,29,ALVERNIA,0,16,-3,83.2,101,0,43.2,2021-2022,5,-2,14,5,55,26,5,1,2021
17,-3,8,-2,0.471,-0.02905,17,0,7,1,77,2021-11-28,28,27,0,0.423,-0.02295,71,6,30,1,0.6,0.0293,15,1,9,1,1,11,18,6,20,10,0.5,17,6,27,0.446,65,29,0.571,14,8,12,13,68.7,76,35.0,76,3,6,39,RANDOLPH-MACON,1,14,1,82.3,77,0,43.4,2021-2022,4,1,5,-1,45,6,6,1,2021
17,4,6,2,0.353,0.04492,20,13,6,-4,76,2021-12-04,4,35,7,0.438,0.125,64,0,28,8,0.778,0.3228,18,-4,14,4,1,12,12,-4,13,4,0.308,7,10,28,0.313,64,20,0.455,22,10,16,20,66.9,54,36.1,54,5,13,44,AVERETT,0,20,0,81.5,76,0,43.9,2021-2022,4,-1,8,-5,47,3,5,1,2021
26,9,8,4,0.308,0.0731,18,13,8,4,79,2021-12-12,12,28,1,0.433,0.01807,67,2,29,2,0.591,-0.1714,22,1,13,-3,1,12,15,1,17,4,0.235,5,4,27,0.415,65,27,0.762,21,16,14,16,67.7,74,36.7,74,9,13,41,LYNCHBURG UNIVERSITY,0,18,2,81.2,79,0,43.8,2021-2022,9,0,12,-1,43,2,6,1,2021
25,1,8,-3,0.32,-0.138,18,5,3,3,79,2021-12-14,14,36,15,0.475,0.0781,59,-9,28,1,0.75,0.1499,20,5,15,6,0,12,12,3,24,11,0.458,13,0,21,0.397,68,27,0.6,15,9,9,20,68.3,74,36.0,74,12,12,30,HAMPDEN-SYDNEY,0,15,-5,81.0,79,0,44.2,2021-2022,10,-2,20,8,48,18,1,1,2021
20,3,9,6,0.45,0.274,21,9,11,6,80,2021-12-17,17,30,6,0.456,0.02515,68,3,31,3,0.692,0.007812,13,-6,9,-4,1,12,16,5,17,3,0.176,12,5,24,0.431,65,28,0.684,19,13,11,13,68.6,72,35.9,72,5,6,35,VIRGINIA WESLEYAN UNIVERSITY,0,17,4,80.9,80,0,44.4,2021-2022,4,-1,10,4,46,11,4,1,2021
26,1,9,-4,0.346,-0.1741,19,2,5,4,103,2021-12-20,20,25,4,0.551,0.01855,69,7,38,5,0.818,0.2178,22,2,18,6,1,12,11,3,25,13,0.52,17,1,21,0.532,62,33,0.6,20,12,8,18,70.5,91,35.3,91,9,19,29,WASHINGTON AND LEE UNIVERSITY,0,17,-1,82.8,103,0,43.7,2021-2022,6,-3,15,-4,36,7,0,1,2021
30,16,10,6,0.333,0.04712,23,11,10,3,87,2021-12-29,29,31,6,0.475,0.0781,80,22,38,15,0.5,-0.0879,2,-15,1,-9,1,12,17,10,14,4,0.286,12,7,25,0.397,58,23,0.588,17,10,7,13,69.7,60,35.1,60,9,18,32,SHENANDOAH UNIVERSITY,0,18,5,83.1,87,0,44.0,2021-2022,8,-1,15,-3,48,16,2,1,2021
20,0,4,-4,0.2,-0.2,17,4,9,7,74,2021-12-31,31,28,5,0.433,0.00903,67,8,29,4,0.857,0.0791,14,5,12,5,1,12,16,8,20,8,0.4,13,2,23,0.424,59,25,0.778,9,7,8,17,69.4,65,34.8,65,7,15,31,SOUTHERN VIRGINIA UNIVERSITY,0,12,-5,82.4,74,0,44.0,2021-2022,11,4,12,-3,44,13,4,1,2021
30,15,13,7,0.433,0.0332,24,14,7,3,85,2022-01-02,2,32,6,0.466,0.11304,73,22,34,16,0.4,-0.05518,10,-1,4,-1,1,1,17,12,15,6,0.4,10,4,26,0.353,51,18,0.455,11,5,5,13,67.9,47,34.5,47,4,16,31,WIDENER,0,15,2,82.6,85,0,44.3,2021-2022,8,4,7,-9,49,18,6,1,2022
23,8,7,4,0.304,0.104,14,6,3,1,91,2022-01-08,8,30,9,0.548,0.10596,73,21,40,17,0.364,-0.2898,11,-15,4,-13,0,1,15,11,15,3,0.2,8,2,21,0.442,52,23,0.654,26,17,4,18,67.8,66,33.9,66,9,14,25,MARYMOUNT (VA.),0,20,2,83.1,91,0,44.4,2021-2022,5,-4,15,1,45,20,5,1,2022
26,3,7,0,0.269,-0.0349,16,10,7,5,89,2022-01-17,17,37,11,0.442,0.1589,77,17,34,17,0.778,0.1309,18,1,14,3,1,1,21,12,23,7,0.304,6,2,26,0.283,60,17,0.647,17,11,9,18,66.8,52,34.0,52,3,15,35,TCNJ,0,20,2,83.5,89,0,45.2,2021-2022,8,5,9,-6,58,23,0,1,2022
17,0,5,2,0.294,0.1179,9,0,3,0,85,2022-01-21,21,39,14,0.471,0.127,68,4,32,10,0.696,-0.01807,23,2,16,1,0,1,16,10,17,3,0.176,9,3,25,0.344,64,22,0.714,21,15,6,14,66.6,62,33.8,62,3,10,31,UC SANTA CRUZ,0,20,6,83.6,85,0,45.7,2021-2022,7,4,12,2,55,24,4,1,2022
14,0,5,-1,0.357,-0.072,11,8,3,1,66,2022-01-22,22,29,9,0.463,0.0769,54,-3,25,3,0.55,0.004883,20,9,11,5,0,1,12,1,14,6,0.429,3,2,20,0.386,57,22,0.545,11,6,11,18,66.0,56,33.7,56,10,17,31,UC SANTA CRUZ,0,16,-2,82.6,66,0,45.5,2021-2022,7,-3,17,0,41,10,5,1,2022
18,-6,7,-4,0.389,-0.0691,18,8,2,0,91,2022-01-26,26,22,7,0.569,0.1028,65,7,37,10,0.526,0.0818,19,10,10,6,0,1,18,8,24,11,0.458,10,2,15,0.466,58,27,0.444,9,4,10,17,66.2,69,33.2,69,3,15,25,WILLIAM PEACE,0,11,-6,83.1,91,0,45.2,2021-2022,6,3,11,-4,40,15,2,1,2022
21,1,6,1,0.286,0.0359,8,-4,7,2,62,2022-02-02,2,35,2,0.333,-0.01489,63,-3,21,-2,0.933,0.533,15,5,14,10,0,2,10,-2,20,5,0.25,12,5,33,0.348,66,23,0.4,10,4,12,16,65.6,55,33.8,55,7,11,45,SALISBURY,0,11,-5,82.0,62,0,45.2,2021-2022,6,-1,10,-1,45,0,2,1,2022
20,5,6,2,0.3,0.03296,13,-3,5,4,78,2022-02-09,9,25,1,0.426,-0.00903,61,-1,26,-1,0.714,0.02979,28,9,20,7,1,2,15,2,15,4,0.267,16,1,24,0.435,62,27,0.684,19,13,13,20,65.9,71,34.0,71,4,11,37,MARY WASHINGTON,0,19,-1,81.9,78,0,45.0,2021-2022,7,3,10,-1,40,3,2,1,2022
18,3,10,2,0.556,0.02295,14,1,7,7,80,2022-02-12,12,24,1,0.436,-0.02686,55,-12,24,-7,0.786,0.03613,28,20,22,16,1,2,11,-2,15,8,0.533,13,0,23,0.463,67,31,0.75,8,6,13,21,66.3,76,34.0,76,13,17,36,SALISBURY,0,13,-8,81.8,80,0,44.5,2021-2022,8,-5,16,-1,35,-1,5,1,2022
17,-10,6,-1,0.353,0.094,11,5,6,2,68,2022-02-19,19,34,3,0.4,0.0359,65,-1,26,2,0.588,0.01709,17,-4,10,-2,0,2,12,-2,27,7,0.259,6,4,31,0.364,66,24,0.571,21,12,14,16,66.3,67,34.5,67,2,10,45,MARY WASHINGTON,0,17,1,81.2,68,0,44.6,2021-2022,3,1,13,3,46,1,5,1,2022
24,3,8,0,0.333,-0.0481,13,2,9,5,89,2022-02-25,25,25,-2,0.471,0.07104,68,3,32,6,0.739,-0.2612,23,14,17,8,1,2,13,-1,21,8,0.381,11,4,27,0.4,65,26,1.0,9,9,14,17,66.4,69,34.8,69,1,16,41,UC SANTA CRUZ,0,13,-4,81.5,89,0,44.3,2021-2022,8,7,4,-12,38,-3,4,1,2022
22,-6,6,-2,0.273,-0.01294,11,2,10,5,80,2022-02-26,26,31,9,0.453,0.0979,64,2,29,7,0.727,-0.2168,22,4,16,-1,1,2,17,7,28,8,0.286,9,5,22,0.355,62,22,0.944,18,17,10,18,66.5,69,34.7,69,6,10,32,MARY WASHINGTON,0,18,0,81.5,80,0,44.5,2021-2022,5,-1,15,5,48,16,5,1,2022
39,23,11,6,0.282,-0.031,24,16,5,3,88,2022-03-04,4,36,7,0.45,0.148,80,17,36,17,0.833,0.1328,6,-4,5,-2,1,3,15,6,16,5,0.313,8,2,29,0.302,63,19,0.7,10,7,9,10,65.9,50,34.8,50,4,14,38,BARUCH,0,13,3,81.7,88,0,44.7,2021-2022,12,8,7,-7,51,13,4,1,2022
21,-3,9,2,0.429,0.137,25,14,6,6,81,2022-03-05,5,30,8,0.55,0.1367,60,-3,33,7,0.667,0.05176,9,-4,6,-2,1,3,7,-4,24,7,0.292,11,0,22,0.413,63,26,0.615,13,8,11,11,66.0,67,34.7,67,3,10,33,SUSQUEHANNA,0,15,4,81.7,81,0,44.4,2021-2022,5,2,9,-1,37,4,5,1,2022
23,3,11,8,0.478,0.3281,17,9,8,2,93,2022-03-11,11,42,19,0.549,0.253,71,0,39,18,0.571,-0.07227,7,-7,4,-5,1,3,11,0,20,3,0.15,8,6,23,0.296,71,21,0.643,14,9,11,13,65.6,54,34.7,54,5,14,34,STOCKTON,0,18,5,82.1,93,0,44.7,2021-2022,6,1,15,1,53,19,4,1,2022
21,-3,10,-2,0.476,-0.02393,8,-6,5,2,79,2022-03-12,12,28,-9,0.381,-0.04297,63,4,24,-1,0.677,0.04395,31,1,21,2,0,3,10,-1,24,12,0.5,14,3,37,0.424,59,25,0.633,30,19,11,22,66.1,81,35.1,81,2,10,48,MARIETTA,0,24,2,82.0,79,0,44.5,2021-2022,4,2,6,-4,38,-10,5,0,2022
7,-4,4,3,0.571,0.4797,5,-1,6,4,74,2022-11-09,9,20,4,0.424,0.09106,33,-3,14,2,0.667,0.524,6,-1,4,3,0,11,4,-3,11,1,0.091,6,2,16,0.333,36,12,0.143,7,1,7,5,26.0,26,23.0,61,3,6,23,JOHNS HOPKINS,0,6,1,36.0,36,0,24.0,2022-2023,1,-2,6,0,24,1,2,1,2022
11,-2,7,5,0.636,0.4822,14,7,4,4,96,2022-11-12,12,22,12,0.657,0.3643,35,-6,23,11,0.471,-0.307,17,8,8,1,1,11,7,0,13,2,0.154,7,0,10,0.293,41,12,0.778,9,7,7,15,29.5,33,20.0,64,5,6,17,LYNCHBURG UNIVERSITY,0,8,-7,48.5,61,0,26.5,2022-2023,2,-3,9,3,29,12,5,1,2022
14,3,7,2,0.5,0.04492,11,4,2,2,85,2022-11-18,18,13,-3,0.421,-0.0481,38,6,16,1,1.0,0.333,2,-4,2,-2,1,11,6,1,11,5,0.455,7,0,16,0.469,32,15,0.667,6,4,5,5,32.7,39,20.3,84,2,8,21,WASHINGTON AND LEE UNIVERSITY,1,8,3,46.0,41,0,24.0,2022-2023,4,2,5,-3,19,-2,4,1,2022
8,3,1,-2,0.125,-0.475,5,0,3,0,81,2022-11-19,19,10,-1,0.419,-0.1172,31,3,13,-2,0.889,0.08936,9,4,8,4,0,11,7,5,5,3,0.6,5,3,11,0.536,28,15,0.8,5,4,2,8,33.8,37,18.5,57,5,8,13,SUSQUEHANNA,0,6,-2,43.2,35,0,22.3,2022-2023,4,-1,8,0,17,4,5,1,2022
11,5,7,4,0.636,0.1362,11,7,8,7,82,2022-11-22,22,18,9,0.593,0.3027,27,-4,16,7,0.417,-0.333,12,4,5,-1,1,11,6,2,6,3,0.5,4,1,9,0.29,31,9,0.75,8,6,4,8,32.4,27,17.4,59,8,7,13,METHODIST,0,5,-3,43.4,44,0,22.6,2022-2023,1,-7,11,4,24,11,1,1,2022
12,3,3,-1,0.25,-0.1941,7,-1,7,5,87,2022-11-26,26,13,1,0.395,-0.01196,38,11,15,4,0.5,0.5,10,10,5,5,1,11,13,10,9,4,0.444,8,2,12,0.407,27,11,0.0,0,0,3,8,31.3,26,17.0,52,2,11,15,SARAH LAWRENCE,0,4,-4,42.5,38,0,23.2,2022-2023,8,6,4,-7,26,11,5,1,2022
8,3,2,2,0.25,0.25,8,2,4,0,79,2022-11-27,27,16,4,0.323,-0.1321,31,-2,10,-5,0.727,0.727,11,9,8,8,1,11,9,6,5,0,0.0,6,4,12,0.455,33,15,0.0,2,0,3,7,31.1,30,16.7,71,6,6,15,NC WESLEYAN,0,4,-3,40.7,30,0,23.4,2022-2023,3,-3,9,3,25,10,6,1,2022
9,4,2,1,0.222,0.0221,4,2,0,-3,71,2022-12-03,3,11,-2,0.31,0.07007,29,4,9,3,0.692,0.1919,13,5,9,5,0,12,10,4,5,1,0.2,2,3,13,0.24,25,6,0.5,8,4,6,11,29.4,17,17.0,54,3,9,19,AVERETT,0,6,-5,39.2,29,0,23.1,2022-2023,5,2,9,0,21,2,5,1,2022
8,0,2,1,0.25,0.125,10,5,4,4,81,2022-12-11,11,15,1,0.441,0.095,34,8,15,6,0.5,-0.3892,8,-1,4,-4,1,12,7,4,8,1,0.125,5,0,14,0.346,26,9,0.889,9,8,3,8,29.1,27,17.0,66,1,8,17,MARYMOUNT (VA.),0,5,-3,38.9,36,0,23.0,2022-2023,2,1,4,-4,22,5,6,1,2022
15,9,6,4,0.4,0.0669,10,5,2,2,70,2022-12-13,13,12,-2,0.455,-0.0757,33,1,15,-2,0.333,-0.167,6,4,2,1,1,12,8,4,6,2,0.333,5,0,14,0.531,32,17,0.5,2,1,4,9,29.9,37,17.1,85,7,11,18,HAMPDEN-SYDNEY,0,4,-5,38.8,38,0,22.7,2022-2023,8,1,11,0,20,2,1,0,2022
8,2,4,3,0.5,0.333,8,3,2,2,76,2022-12-15,15,10,4,0.613,0.2058,31,4,19,8,0.5,0.0,2,-2,1,-1,0,12,6,1,6,1,0.167,5,0,6,0.407,27,11,0.5,4,2,5,4,29.5,25,16.5,77,3,10,11,VIRGINIA WESLEYAN UNIVERSITY,0,4,0,39.2,43,0,22.1,2022-2023,5,2,6,-4,16,5,3,0,2022
12,0,5,2,0.417,0.167,4,1,0,-3,82,2022-12-20,20,8,-2,0.486,0.05713,37,16,18,9,0.5,-0.5,2,-6,1,-7,1,12,10,6,12,3,0.25,3,3,10,0.429,21,9,1.0,8,8,4,5,29.4,29,16.3,74,1,11,14,ELMHURST,0,8,3,39.4,42,0,21.8,2022-2023,9,8,3,-8,18,4,1,1,2022
19,11,11,10,0.579,0.454,11,7,2,2,89,2022-12-21,21,20,11,0.536,0.2502,28,0,15,7,1.0,0.0,7,5,7,5,1,12,4,4,8,1,0.125,4,0,9,0.286,28,8,1.0,2,2,0,5,28.6,19,15.8,44,2,3,9,TCNJ,0,6,1,40.1,48,0,21.9,2022-2023,2,0,4,1,24,15,2,1,2022
16,6,3,0,0.188,-0.11206,8,3,2,2,76,2022-12-29,29,19,5,0.378,0.03394,37,5,14,3,0.25,-0.083,4,1,1,0,1,12,11,8,10,3,0.3,5,0,14,0.344,32,11,0.333,3,1,3,3,28.4,26,15.9,55,5,2,17,CABRINI,0,3,0,39.5,32,0,22.5,2022-2023,2,-3,6,4,30,13,3,1,2022
12,4,5,2,0.417,0.042,12,8,4,1,98,2022-12-30,30,17,8,0.487,0.2651,39,12,19,13,1.0,0.167,7,1,7,2,1,12,11,6,8,3,0.375,4,3,9,0.222,27,6,0.833,6,5,5,11,27.9,20,15.7,48,2,10,14,WILMINGTON (OHIO),0,3,-8,40.2,50,0,22.9,2022-2023,5,3,4,-6,28,14,4,1,2022
8,2,3,2,0.375,0.208,5,-2,2,2,79,2023-01-02,2,10,-1,0.45,-0.01196,20,-6,9,-3,0.769,-0.231,13,3,10,0,1,1,1,-3,6,1,0.167,7,0,11,0.462,26,12,1.0,10,10,4,12,28.3,35,15.7,73,3,4,15,BRANDEIS,0,8,-4,39.6,31,0,22.1,2022-2023,1,-2,6,2,11,-4,0,1,2023
7,-4,3,-1,0.429,0.06494,9,4,2,0,75,2023-01-07,7,14,5,0.531,0.1238,32,5,17,6,0.333,0.0,3,-3,1,-1,0,1,8,3,11,4,0.364,5,2,9,0.407,27,11,0.333,6,2,5,7,28.3,28,15.6,72,1,7,14,YORK (PA.),1,6,-1,39.5,38,0,22.1,2022-2023,1,0,5,-2,22,8,5,1,2023
7,0,1,-1,0.143,-0.143,3,0,4,-1,59,2023-01-11,11,17,4,0.3,0.006104,30,-4,9,-1,1.0,1.0,6,6,6,6,0,1,8,2,7,2,0.286,3,5,13,0.294,34,10,0.0,0,0,6,6,27.9,22,15.8,64,1,3,19,RANDOLPH-MACON,0,1,-5,38.7,25,0,22.3,2022-2023,2,1,5,2,25,6,2,0,2023
16,3,6,0,0.375,-0.0869,12,0,0,-2,90,2023-01-14,14,10,-8,0.361,-0.2058,36,6,13,-4,1.0,0.5,2,0,2,1,0,1,5,2,13,6,0.462,12,2,18,0.567,30,17,0.5,2,1,3,5,28.6,41,16.1,79,5,12,21,BRIDGEWATER ST.,0,2,-3,38.5,34,0,21.9,2022-2023,6,1,8,-4,15,-6,5,1,2023
12,2,3,0,0.25,-0.05005,8,3,4,4,98,2023-01-16,16,17,8,0.486,0.133,37,3,18,6,0.875,0.375,8,4,7,5,0,1,10,4,10,3,0.3,5,0,9,0.353,34,12,0.5,4,2,6,6,28.7,29,16.0,59,2,5,15,EASTERN NAZARENE,0,4,-2,38.8,46,0,22.2,2022-2023,1,-1,5,0,27,12,0,1,2023
8,-3,1,-4,0.125,-0.33,4,-5,1,1,84,2023-01-28,28,11,-1,0.514,-0.02881,37,2,19,0,0.625,-0.1748,8,3,5,1,1,1,8,2,11,5,0.455,9,0,12,0.543,35,19,0.8,5,4,6,7,29.5,47,16.1,74,2,3,18,SALISBURY,0,6,-1,39.1,44,0,22.0,2022-2023,3,1,4,1,19,1,5,1,2023
14,4,4,1,0.286,-0.01416,5,-1,6,4,67,2023-02-01,1,16,0,0.303,0.0,33,0,10,0,1.0,0.5,1,-7,1,-3,0,2,7,-2,10,3,0.3,6,2,16,0.303,33,10,0.5,8,4,9,3,29.4,27,16.5,53,3,3,25,MARY WASHINGTON,0,8,5,38.5,25,0,22.0,2022-2023,2,-1,4,1,23,-2,2,1,2023
16,8,3,2,0.188,0.063,5,-3,3,0,74,2023-02-04,4,13,-3,0.273,-0.06006,33,0,9,-2,0.5,-0.5,10,4,5,-1,1,2,10,1,8,1,0.125,8,3,16,0.333,33,11,1.0,6,6,9,9,29.4,29,16.9,61,4,6,25,UC SANTA CRUZ,0,6,-3,37.9,26,0,22.1,2022-2023,2,-2,5,-1,23,-2,5,1,2023
15,4,8,6,0.533,0.351,12,7,2,1,85,2023-02-11,11,14,4,0.571,0.2178,28,-6,16,4,0.909,0.1094,11,1,10,2,0,2,3,-6,11,2,0.182,5,1,10,0.353,34,12,0.8,10,8,9,11,29.6,34,17.0,73,4,6,19,SALISBURY,0,8,-3,38.4,50,0,21.9,2022-2023,3,-1,7,1,17,-2,5,1,2023
15,8,7,4,0.467,0.0381,11,0,6,5,71,2023-02-15,15,16,5,0.483,0.01587,29,-1,14,0,0.75,0.25,4,0,3,1,1,2,5,4,7,3,0.429,11,1,11,0.467,30,14,0.5,4,2,1,9,29.7,33,16.8,66,8,8,12,MARY WASHINGTON,0,6,-3,38.4,38,0,21.8,2022-2023,4,-4,12,4,21,9,2,1,2023
12,6,5,1,0.417,-0.25,6,0,1,-1,81,2023-02-24,24,12,0,0.486,0.1011,35,9,17,7,0.714,-0.03613,7,-1,5,-1,0,2,7,2,6,4,0.667,6,2,12,0.385,26,10,0.75,8,6,5,9,29.7,30,16.8,73,1,11,17,UC SANTA CRUZ,0,7,-2,38.6,44,0,21.7,2022-2023,4,3,4,-7,19,2,4,1,2023
10,1,2,0,0.2,-0.0221,5,2,3,2,65,2023-02-25,25,13,0,0.375,0.0669,24,-2,9,1,0.667,-0.166,9,3,6,1,1,2,4,-2,9,2,0.222,3,1,13,0.308,26,8,0.833,6,5,6,10,29.5,23,16.9,52,3,8,19,MARY WASHINGTON,0,7,-3,38.1,26,0,21.6,2022-2023,3,0,9,1,17,-2,5,1,2023
13,9,1,0,0.077,-0.173,4,0,3,3,61,2023-03-03,3,21,-1,0.321,-0.00293,28,-9,9,-3,0.333,-0.25,9,-3,3,-4,1,3,2,-4,4,1,0.25,4,0,22,0.324,37,12,0.583,12,7,6,9,29.6,32,17.3,60,4,3,28,FARMINGDALE ST.,0,9,0,37.6,22,0,21.6,2022-2023,1,-3,9,6,23,-5,4,1,2023
14,-1,5,3,0.357,0.2239,4,-3,2,0,72,2023-03-04,4,19,4,0.308,0.01099,26,-11,8,-3,0.583,0.583,12,12,7,7,0,3,5,-2,15,2,0.133,7,2,15,0.297,37,11,0.0,0,0,7,10,29.4,24,17.4,59,4,5,22,HAMPDEN-SYDNEY,0,6,-4,37.2,28,0,21.7,2022-2023,2,-2,7,2,24,2,5,1,2023
14,3,5,1,0.357,-0.00708,8,0,3,3,72,2023-03-10,10,16,4,0.4,0.05396,35,9,14,5,1.0,0.5713,3,-4,3,0,1,3,9,6,11,4,0.364,8,0,12,0.346,26,9,0.429,7,3,3,8,29.2,25,17.3,60,4,6,15,MARY HARDIN-BAYLOR,0,6,-2,37.2,36,0,21.8,2022-2023,1,-3,4,-2,25,10,4,1,2023
8,-7,5,2,0.625,0.425,10,3,6,5,76,2023-03-11,11,17,8,0.607,0.293,28,-7,17,6,1.0,1.0,1,0,1,1,1,3,2,-6,15,3,0.2,7,1,9,0.314,35,11,0.0,1,0,8,4,29.1,25,17.3,70,2,5,17,WHEATON (IL),0,5,1,37.3,40,0,21.7,2022-2023,3,1,6,1,19,2,5,1,2023
6,-4,1,-3,0.167,-0.2329,1,-4,3,3,69,2023-03-16,16,8,-8,0.321,-0.093,28,-1,9,-3,0.875,-0.125,8,6,7,5,1,3,1,-5,10,4,0.4,5,0,16,0.414,29,12,1.0,2,2,6,7,29.1,30,17.5,66,2,10,22,SWARTHMORE,0,4,-3,36.9,26,0,21.3,2022-2023,4,2,2,-8,9,-13,3,1,2023
12,-3,2,-2,0.167,-0.1001,3,0,1,-3,74,2023-03-18,18,21,3,0.229,-0.114,35,0,8,-4,0.667,0.5,12,6,8,7,1,3,7,2,15,4,0.267,3,4,18,0.343,35,12,0.167,6,1,5,10,29.1,29,17.6,72,0,2,23,MOUNT UNION,0,9,-1,36.6,26,0,21.5,2022-2023,0,0,4,2,28,5,5,1,2023
